hash,puzzle,rating,difficulty
0000183b305c,050703060007000800000816000000030000005000100730040086906000204840572093000409000,1.2,Easy
0001d5d6314e,302401809001000300000000000040708010780502036000090000200609003900000008800070005,1.2,Easy
000212406270,000823001003000400070000052300960010000102000010038006830000040002000900600789000,1.2,Easy
00023580f347,500700032100326000000000000020070058010803040890040070000000000000654001230009005,1.2,Easy
00031006ebf1,760000053020080040005000900000000000040010070603000104100304009000000000006827300,1.2,Easy
0003af4e2943,140000050700200000000300204200080400080090020006050001809001000000006007050000069,1.2,Easy
0004125f628d,002009000015008760040000051620407000000010000000206074170000090098500610000700800,1.2,Easy
0004464633b4,060010030830605029000000000006030900092000570000409000285000716000000000470000095,1.2,Easy
0004686971dc,600002305000970016021000009070643000000000000000891040200000530310064000904700001,1.2,Easy
0004bab224ce,007020850200516000400000006070648090930102068060953020700000005000495002029060100,1.2,Easy
0004eeded3db,003700040200954800094103702039000486060000020452000390607408950005297004040005200,1.2,Easy
00050f781e47,014600380980201074200000009050108093000050000890302010300000005570403061068009230,1.2,Easy
00052a5832cf,400029006000700000002014900708901020903050807020806109001690500000003000300180002,1.2,Easy
0005301b3a78,008004003050097040400501002300000000047000260000000007500709004090350020700200800,1.2,Easy
0005d52ad5a2,000050000700000001005904800204030107003491500000705000001000700500306008320000069,1.2,Easy
0005f2926448,000803000060000020005000100006459800002000700050302010830000075000106000040000080,1.2,Easy
00076a12bdf2,060500400803004070005100000100060009000000000400020007000007600070600105009001080,1.2,Easy
0008ca1dbbad,236000591010050070008000400849000237000000000000428000097000140000306000580070026,1.2,Easy
000926f717dd,640008703050420018708600400800000160090030070071000009005001906480096030109300087,1.2,Easy
00099b179a33,020805090040090010000060000300000004008000500002901800001403200703050908000000000,1.2,Easy
0009d991d623,500004003000071600031600400480020300010807040006050081004002730002730000300500009,1.2,Easy
000b229bf47d,000041020709502000000360090320000850904000201081000049030094000000708105070150000,1.2,Easy
000c00bdf1d9,000002000004010053080693000400030000970000085000080007000175040710040900000900000,1.2,Easy
000cc21539dd,600000009040000030007001000003029060901000402080560300000600100030000040500000003,1.2,Easy
000d7be385fa,410905062380072019000004000168000007050040030700000285000700000840260073570408021,1.2,Easy
000df617af0e,000005980840000050700060000200408000009000800000102006000040008010000095063700000,1.2,Easy
000e1bc12f69,403000059700400600016900708000807320000020000052304000108006930004003001360000407,1.2,Easy
000eb785f993,020010840709200001604000290000030020800102004090040000037000602100005903062070050,1.2,Easy
0011447880cd,000004000100760040000000239023000400000658000009000570934000000070039006000800000,1.2,Easy
0011b4d512c2,050000080009000300020803010070302060300901002001000500100040006006000700000586000,1.2,Easy
0012396c9216,207600400940000000008400900600070004000090000500080007004002700000000053001007608,1.2,Easy
00138f33c2cd,010000206609080000000304000003001000407000801000800700000603000000070602204000050,1.2,Easy
0013d9b551f7,200000009010060030068503410080607090005000100901000703000205000500000004000000000,1.2,Easy
00142b9e107d,700000520086000000009780010400070200600304009002060007070035100000000930058000004,1.2,Easy
00148d2c8e1f,020060400000400010000008500009087003100090007400530200005100000010006000003070080,1.2,Easy
0014a3a44583,010000060806000504030405090008010700000509000004020900080104070309000205070000030,1.2,Easy
0014dceb1fb1,000385200020406010700001000892000037600030002570000469000500001030107020005293000,1.2,Easy
0015181bd565,000400090912086040003010520030000005058000710100000080021050900080740132070003000,1.2,Easy
00176f7c06c6,205760081600000500093500604000406708100000009407301000902005840008000007760038905,1.2,Easy
001795174204,008000070570200940030089005002000090001070500050000100600430080027008013080000200,1.2,Easy
0017d9cd50ee,090000030080000040040581060430000025260309078000010000370000012000000000005402900,1.2,Easy
001820bca17f,010040020003859600048000570000000000090060080825000761100706009000010000007000100,1.2,Easy
0018adaee7d8,304070586900618000800300009050000810170080095089000070200001007000523001541090208,1.2,Easy
0018eb17720b,720900080008000209005100000200001400809000507001800006000005100602000900090006043,1.2,Easy
00190c3340db,000204000008109700009060800030010070070508010406070205004000500050030040000020000,1.2,Easy
001a084c3e5c,005300200000520100210800009000000821060010050421000000800007034006058000009003700,1.2,Easy
001a4259adf2,003402810204000000100080043700508004005000700800601002420090005000000106057103400,1.2,Easy
001ae743a4d0,000203000000000000152000386028706490007000500000080000000010000310408059040090030,1.2,Easy
001b47bc7bb9,001028000006005000002070469210000000805000604000000021728090100000400900000160700,1.2,Easy
001bcf9e0879,000890000020400390045000100000309041300000002810502000009000670076003080000086000,1.2,Easy
001c873dab9b,570002000004001050003000670000200903007030800309008000092000700080500400000400069,1.2,Easy
001d4b557f0b,000080000506000403020301050000000000000103000490000087300709006078602130000508000,1.2,Easy
001ebdd0faf7,020075300003006502590000060760103000900040005000509037070000051209300700004810090,1.2,Easy
00218b4f9fea,900806005003000100080090020009000500000937000000108000800241006402000307000060000,1.2,Easy
0022771d1129,068000002001950000000000970090006000530000048000300050056000000000021700200000360,1.2,Easy
0022e777eaf6,146708003039000006700000000008900704000803000402007500000000001800000460600504297,1.2,Easy
0024932a8998,100000208003802000500760090020307160007010400091604080010073006000406800206000007,1.2,Easy
0026814d672d,790600000042010000106000000000007049020000010670800000000000108000040630000008097,1.2,Easy
0026bd14d7e3,800207006020040070050000010000802000900000003002000100630090085000301000070000060,1.2,Easy
00274c1607f6,070600200604900000903000681000000106031000850205000000317000508000004903006003010,1.2,Easy
0028d6564a05,008000570409070000203000846000289000080704050000563000945000108000040305026000700,1.2,Easy
0028ec5ed6aa,407530901000207600950040007090000052702000409540000060800020076009801000104065208,1.2,Easy
0029848df1fa,903100074104070000007940135000000701061080590702000000379014600000030907510007308,1.2,Easy
0029b0737d56,070008026560009080000100045900006030000905000080400009240001000090700051810200060,1.2,Easy
002b0a1c2354,070060800008004009209001460083000000400000001000000750057200103600300200002050090,1.2,Easy
002b6b65108d,108000703000205000007000900400000001000508000009040200280000045010304090003000600,1.2,Easy
002edfa7efe1,800000040042800006390420000000040009420090053600080000000014027900007630030000004,1.2,Easy
0030881c1056,005802600200050003070000040010305060680701059000000000007020300500010004000903000,1.2,Easy
0030ed586dbd,700020008800501006000000000081406370000902000040080050297000845050000060300705009,1.2,Easy
00311c49a293,070000580900084307350720000010607200034010670007205030000052041503170006082000050,1.2,Easy
00335f458ff0,000500900000000700400173080060004100037050640002900050070261005003000000005007000,1.2,Easy
0033a37b25ae,849000057760000028000009003002106000000030000000807400100400000690000014420000786,1.2,Easy
003453dc5b7b,000280300059047680840500090020000807930050046406000010090003065063410920001062000,1.2,Easy
0034f2bd009e,203100000506300001000700029000570200100604003002039000350007000600003102000006805,1.2,Easy
00356baf1850,002080000030900040090000003820500000140000092000008014700000030010004070000070900,1.2,Easy
0035dc0ad93d,900000004000000000000174000000702000008060900530000086340000052007625300000309000,1.2,Easy
00376e6eb58e,300200578400039000100005000053020007040508060900040820000600001000450006671002004,1.2,Easy
0037b9843e7d,400650801080010040607400300000145903250307064301296000003004206020060030104032007,1.2,Easy
0039469b5902,000092000090147350047000100760405030430070065080306049006000910074938020000560000,1.2,Easy
0039ed4ba18c,000000000070000835802070901094001000060807090000500310503020607618000050000000000,1.2,Easy
003a3a6ec526,000000060301596000006130980090607510065040730047301090012063800000215309030000000,1.2,Easy
003a86551cdc,105000620000800700030100000000080170600090002091030000000009080004008000067000203,1.2,Easy
003c0b6be7db,200819034190650080000000000800030095520901073730080001000000000040097068910346007,1.2,Easy
003df7d37e14,000249050200000700043570800500307401701060309604908005007054120002000006050182000,1.2,Easy
003eaf2498a1,600000004009000200801000705700040003050803090308902406000000000020705040900020008,1.2,Easy
003ed59a99c0,100002006092006180080000020430010000000908000000020095060000040028400760500800003,1.2,Easy
003f1f1353e4,000305000601040307400000009008000500030000020000206000000901000080030070200050001,1.2,Easy
003f6d02bb90,300000000000005940069001058080030000203408506000020070130700460052600000000000001,1.2,Easy
003ff46d32bd,005007000000009023800002006057003060000000000030100270100700008970300000000800300,1.2,Easy
00414c584660,100407002200000006070000010540000021306102504001070900000301000000050000010609080,1.2,Easy
00422ddebe96,600000005570000083000807000006409800040000010000060000030020070005080400800534006,1.2,Easy
00423c92fef4,100090685600018700870006000096851000780409061000763940000600072007180009321070006,1.2,Easy
00436c8de6cb,000000000005483100040000080500804003960000041080030050001609400420301095009000700,1.2,Easy
0043903b9ecb,020000000910006503000302007805021030490708051030540806200103000503200019000000060,1.2,Easy
004628cd64d2,600300018140078020000091000094060005016802490800050160000580000050720036730006009,1.2,Easy
0046b038ad97,006000000031006850098130462080307100004010700002409080453091270029700310000000600,1.2,Easy
004864d9474e,090010800000806002500900000050040670100309008068050010000004001700503000003080090,1.2,Easy
004880d7e8ba,002000905000108030001042000000000069700080004940000000000710200060903000504000300,1.2,Easy
0049c4cbbf3f,001020003500000600090051027000900386000000000968005000810230070009000001600040800,1.2,Easy
0049e7b94a03,006005042702004000040806003000000500054000890007000000600308050000600708920700400,1.2,Easy
0049f800927f,376010502001070008500003079009060000760124095000090600150200006200050400607080253,1.2,Easy
004a75431197,060400000020185063005360100090020481016903270247050090002016800170538040000004010,1.2,Easy
004b11f8356f,000008050680075010002130700850000900047000620001000078005062100060710032010400000,1.2,Easy
004b37cedd61,037000490020000080000936000000314000500208009002090600008000900200000005900645001,1.2,Easy
004b79faaefc,001083000063000490040600012600104200900000007004502009430008050085000920000740600,1.2,Easy
004ba6bc155a,850201074000000000610000093200070009300000001000634000100080007004000800030060020,1.2,Easy
004c212b1616,000006900060780030203090500300109070052000690090507004007050208030072040009800000,1.2,Easy
004cede2123d,009010700020564030080309060000632000070000080006000500460000097002000800100040005,1.2,Easy
004e1160ef66,600800031298400060000006040003908026000050000980604300020100000060007594840009003,1.2,Easy
004e90a93d62,000637000090804020800000004040000030060902010005000700000206000600010008901000302,1.2,Easy
004f011d27f1,170642058350000061860105027000000000200000003000704000490080016000000000030451090,1.2,Easy
004fa6fb029e,090000000007203605032790480020604510004000900051908060015049720209106800000000050,1.2,Easy
00501fa1cc96,000908060809070300040000090600803009080010030900504002070000010002040508060207000,1.2,Easy
0050505efaad,015090000600000000000200305031006007000305000700800560908002000000000004000010230,1.2,Easy
0050af6b963e,000401020604390000000080040100040076073608510950030002060010000000063807080204000,1.2,Easy
0053584e6133,064050290030000070050924080009506700500108004040000030000702000600000002000080000,1.2,Easy
0053c2bdc608,008305900500782004400010007005106200000204000760000031000000000000503000930000072,1.2,Easy
0054486906fe,000080700005002040000075006700000204428000651901000008200140000090700800007060000,1.2,Easy
0054b101985d,000168000680000007040700602001070000400205006000040900204009070800000093000312000,1.2,Easy
0054b47abd4a,100305002035970010000400080300000658080000020572000009060003000050017860400609005,1.2,Easy
0055108f5567,675010000201800050004000100900100020040050080010007009009000500050008302000090864,1.2,Easy
0055905914dd,010000040000905000000020000709000201000000000000574000080402030300010005065708920,1.2,Easy
0055e4263e8c,000000400047056800000407503079048006060709050100360980405601000001820630006000000,1.2,Easy
0055ed55e434,360004007001000003000096040708401000005000300000705201050140000600000400200500039,1.2,Easy
00575984ef93,010000080430089005970405300000302800000000000003506000005208039300710062020000040,1.2,Easy
005777d78c6b,030100590900500037000090816000030000709010308000080000486050000370002004091003060,1.2,Easy
0058b75da8a8,076003080300000001001086504103070000008601300000050708607530900200000003030900160,1.2,Easy
005930bae01c,080090403390760001005800000000000306002374100803000000000008900500036048908050030,1.2,Easy
0059363f21fc,004000800000270006000003005090000052018090670370000040800100000500082000002000700,1.2,Easy
005967a7c307,301805009060001050005000104750106003000000000400208067108000300020400090900507201,1.2,Easy
0059b102f848,087506120000070000060813090000205000170000059006000400010357040040000060500408001,1.2,Easy
005a0e2cc55c,000036070470800060000790000100000250609040701023000006000027000040008095090510000,1.2,Easy
005bc6c07298,500000007078600050003700910000276890000409000056831000031004200080007130700000004,1.2,Easy
005be697cf29,008050700407060509200000003000801000000000000003409100030000080050010060020504030,1.2,Easy
005c025d1230,040200650300000701157006900005178004000509000700624500001800497809000005034001080,1.2,Easy
005da56f26c8,090000070005301800000050000400905003070208040000000000702000605900000008060010090,1.2,Easy
005efd05fe61,020030080100206004000000000001000900002468300006905800017000530300109002000020000,1.2,Easy
005ffcd261d9,910007050700020000000605000002800507009000300405001600000302000000050006040100083,1.2,Easy
00604610e8b4,307000906090000050008000700020000010900106008600070004000060000016000890000923000,1.2,Easy
00605462b9b6,210905000400080300090100500309000004060000080100000207002007050006010009000509046,1.2,Easy
006061627c2f,820030015750000069000045000008901000906000201000307900000180000680000047590070032,1.2,Easy
00607b72a1ef,096080210070000060200905007000000000003090500459030178002000800010000050704050902,1.2,Easy
0061917cf339,206980007030200050009100604000000846500000001183000000608001500010008060700039102,1.2,Easy
0063bde385d4,020000100098002067500067020075080000009103600000020470080240005460700890002000040,1.2,Easy
00645f7f0205,052749810400000009000108000000507000203906501000010000030000020041000930020364050,1.2,Easy
0064b516881f,050973800000000007200514000702050409801209305305080201000145006600000000004736010,1.2,Easy
006563c739db,200056039508000000009201670102609400900000007007105902014907200000000306890560001,1.2,Easy
00658b03c216,300600000100000005004070060890200000502000408000007019050030100900000006000004002,1.2,Easy
0065ee27dd06,000600005049000000007000802900060008060238040100050007308000200000000680500001000,1.2,Easy
0066a82b1362,000059400049008020108470690390000500207060904006000018015084702070500840004720000,1.2,Easy
006761545321,000054000060000090200080074105200038820040057340008901580090003030000010000410000,1.2,Easy
00695df2383f,000804000016000940008070300005000400900362001070090030500000004091050270000107000,1.2,Easy
0069afcdb54c,603010407000009100120003009039604000500000002000902370800100034002300000306020508,1.2,Easy
0069b5763862,005000090000385100310070000000064208070000030802790000000010026003542000080000900,1.2,Easy
0069cb39127d,605000028820016430040000007030201000070040010000703050900000080051420076780000501,1.2,Easy
0069e60ae7b9,400008002016070030008040570700293000051704380000581007045020900070030460800400003,1.2,Easy
006a70b95c1e,000000000001040200300102007000000000640000075500908002068437590407529608000000000,1.2,Easy
006a84bd24c3,002040300013905670500613009090807040000000000004050900020000090085000260170000053,1.2,Easy
006aefcfec38,806000003540100600000070900000701009210309067600804000004090000002006094900000301,1.2,Easy
006c8bd180e5,050000000708040309001009080000000130080903060023000000040500600507010208000000070,1.2,Easy
006d3ece5a37,600347095500000000007906800703501409100030007405702601004103900000000002270694008,1.2,Easy
006d4061ef4c,000058090800000000612000008070029000005060100000740080400000653000000004060590000,1.2,Easy
006e855d4ed2,216000804007004306390006012089407000000010000000605430170900043502300900903000271,1.2,Easy
006ebadce52a,100300008070010050000854000008000904059060780407000500000693000060070010900001007,1.2,Easy
006f4c536199,004701000006005000001090578640010005002406900100070046498060300000300700000209400,1.2,Easy
006f8b382d9f,043020090102309006000004027091000080600010003070000160930700000800602709020090630,1.2,Easy
0070093ead17,002896500005000000600003092807261004100709008900548706740600009000000400009324600,1.2,Easy
00706fcf8452,801030006053000080000078053008040000409307801000020300720190000080000930300080204,1.2,Easy
0070b7007296,000000906061000000200001008050680090007030500030049080400700001000000370809000000,1.2,Easy
00713f86985d,750609003030000096006000200300020009000897000400030005009000400240000010600208037,1.2,Easy
00726250561a,010000500000107002207560300080010760001306200036070010008035109700401000003000050,1.2,Easy
007262b0bf82,003004560652003980840000012470080000000302000000090051790000023024700195085200400,1.2,Easy
00736d40aba3,096003270207610003400070096100000030064030750070000002610040007800067905059300610,1.2,Easy
007515848a81,520000064000874000010000030090602080080000050203000406005407200076080540800000009,1.2,Easy
007532043533,080507010500030004000901000670000029000379000004000100050000040908000201127000965,1.2,Easy
00770e4de1f5,900000401030020070800000300000950036040000050250068000002000005060070090104000008,1.2,Easy
00771d9759c7,403508109000000000000936000300090001080000060004107500800040005605209407040603010,1.2,Easy
007a125feac5,140030082700000001050000090036080510008793200000060000000104000080020070074000160,1.2,Easy
007a1fdd3d8c,000080010824100090000203040009040360600809002037010800070301000010008536040090000,1.2,Easy
007a2c6e073a,600904058270008010008300600520000106000000000807000049005002700040800061310407005,1.2,Easy
007abf587dd9,805170029240060010000890003000000307654000182302000000500043000060020034420019806,1.2,Easy
007ac648bf73,004706000700005001030010400300800070020000060050009002005060090900200005000501300,1.2,Easy
007b6267a1bd,150000062900506003000809000001030600206000409400000005600080004005000800800654001,1.2,Easy
007c039b2389,037610400000007002902004708023000007600080005500000390304200906700900000009068570,1.2,Easy
007c3dbf0a83,010307050040060080089105620007000100000791000004000700430000019070609030008000200,1.2,Easy
007c467bc20b,004003560670040080805000304200060000080407020000030009709000805050070096018500200,1.2,Easy
007e63ef1649,109405007020100080003600409300020751000503000285010004502008100040001090900206503,1.2,Easy
0080c5dc2b5d,200000903043090050100073040002609000056020170000507200020730006080060520407000001,1.2,Easy
00814a34f2fd,080050040002409100490000076300040005054070860200000009600000004049000380000020000,1.2,Easy
00816349391c,007060400200408003080107050000000000510000048394000162000010000030609020008000600,1.2,Easy
00817a7fd9da,086020000020050803000000900203600094700304002850009301002000000601040070000060140,1.2,Easy
00817aee161a,700080025140000380083001900004070000600903008000010700001200450072000036950030001,1.2,Easy
008302d8ab51,000000150409018000708600920070040300020803010004050060041007603000320509093000000,1.2,Easy
0083abc9b798,005000900060523040800609005200030009000408000004070500507090806903000104000000000,1.2,Easy
0084177da6bc,500007243400023000800650000930000500075000890004000032000065007000910005152700009,1.2,Easy
00844bfe4af1,040010070602000508300208009000804000901000702200000003050000090000793000000000000,1.2,Easy
0084f4e15e21,170290508000007106620010000080000009204000601500000070000080013809100000401035092,1.2,Easy
008611383b95,009010600005000700000948000000493000300000009020080070080205060470000085000000000,1.2,Easy
00865d07a813,000647000042000000180000040700006800006895700008100006050000037000000910000289000,1.2,Easy
00866eabea90,070500209001200008930000000000804300003010700004307000000000074400005100708002090,1.2,Easy
00867749b0bb,500000008306709104072000590009302600000576000000000000200435009000020000001000700,1.2,Easy
0086976d138c,400690813100000000209013700002804006305000108600107200001940307000000004764028001,1.2,Easy
0086e704ba26,003080010900100000006394702009713420601409807024865100305978200000006003070030600,1.2,Easy
008739a22597,000020000040107000036400500005004000160000093000900400001008640000205080000030000,1.2,Easy
0087544576ec,050000030000020000000319000006000400200108007001205800040000050060907020030080070,1.2,Easy
00876d6400d5,043501000050000091001028306106905007007060100400107809809640500560000070000709620,1.2,Easy
0087d7a00670,106900083390020070000130006000000705089070340507000000900042000070090012460003908,1.2,Easy
00884147368c,000356700097020030605790280700000103451000928308000007012037605040080370003265000,1.2,Easy
0089072bc5f0,004009860300160500560000001600405030010000050040207008400000083009084005071500900,1.2,Easy
008c974b518a,008105900360208075502907304000302000290604053000080000000000000031000590040090060,1.2,Easy
008cd5f38d31,000000040569030000000100508000002809400060007602300000806004000000080426050000000,1.2,Easy
008d4bae9a2c,000000000350907064009030700900000007040080010200503009476000193000000000010000080,1.2,Easy
008ee8d3b2aa,000007000023080050007450160200906300096000510008205004052073900030090280000500000,1.2,Easy
008fe27496ea,300000091890005060005190400040507900003000200008901040006074100020600074480000005,1.2,Easy
009033478c9f,007204300400103009200000006000070000031000860740000021390607018000905000070080090,1.2,Easy
00904c064d6a,030716000000004006001980400470000308509030601603000027006073200800100000000659010,1.2,Easy
0090939ef329,100020008000301000002985700000208000400000005050000030030090080070000050805000104,1.2,Easy
0090b2bf98d7,008020016000040590000000804065300000700106002000002960806000000054090000910060200,1.2,Easy
00929a2aab2f,309060842000090000006020930802500060034000290060002504051070300000030000743050609,1.2,Easy
0092f0691920,600800095802070000000103020004080901080305060201090300070401000000050603130008007,1.2,Easy
00931479bb84,048050000000710402013000508000507090950080073060903000406000980501079000000040150,1.2,Easy
009446fa4ea2,094002800000001009803000204460020000000607000000090053506000908700400000002500130,1.2,Easy
0094d0b0f13e,001950720476020080500600034000040807250708091708030000830006005010090243045073600,1.2,Easy
0095af0ae173,000506091000002000800000027014900805030000060208007130920000004000200000540301000,1.2,Easy
0096146d4ee2,308000579500038000209710308030020700042386190001090020407053802000260007623000901,1.2,Easy
0096eba5ccd2,200590168830640050100000000000205081680000079710809000000000004020086095548017006,1.2,Easy
0097363b83f1,100080007020700530060402000003000640800000003016000800000306010042005080300020006,1.2,Easy
009767fdddec,000000000082305060004869250026901370009070500047206810035694100090107640000000000,1.2,Easy
0097c41eee1a,009506300040080020010402050800000006020030070070801030068704590000050000001020400,1.2,Easy
009861cb3ae6,000063700090001000501040600005620090809000307020089100006090803000800060008530000,1.2,Easy
009bcf81e714,000481230000070080060500000608000103007000900904000608000007020050010000079648000,1.2,Easy
009c06aec43f,000283400060004300005690000000000012010050060570000000000047900004900080008125000,1.2,Easy
009c4b776ac5,300000028960100040000200000000040530000708000071020000000002000030009014480000009,1.2,Easy
009d23728b96,006492700030805010000000000053000140000206000010050090300000007800000002040000080,1.2,Easy
009de3b4df0d,900000001002507000065009000006030142800000009541090700000400810000701200100000007,1.2,Easy
009eace62cef,000492000800607009300108007030905070910000086000000000703000902100060003200309001,1.2,Easy
009ed8b9937f,000300000032960040000827010001409386085000120643102900060791000010038260000006000,1.2,Easy
00a08f8f570b,003004700705000041080000502806009010500841003070600804607000020250000409009200100,1.2,Easy
00a0ac643d25,200000003000982000000000000086504190030208060000060000600703008005409200019000470,1.2,Easy
00a1f37fbf12,700000009000102000401000308004908600590306042010050070005769200100000004370401096,1.2,Easy
00a219d7dff4,020100030537080041000073060006020007013706890200090600090510000160030524050002070,1.2,Easy
00a2ab9a21d3,008000200407208601000000000053847920000000000800090005080904030070010060910000057,1.2,Easy
00a3cec63822,007801060806700000000025087208040019004206300650080702180370000000002801090108500,1.2,Easy
00a4aafc73fa,000800060900000013001500800840000001000030000100000089005004200720000005010006000,1.2,Easy
00a6991aa772,000030100000206800736051900092000010401000602050000340008510237005302000003060000,1.2,Easy
00a6ac4475a4,000640070740000010003201400002809704900000006408106200001307900060000021090012000,1.2,Easy
00a7fc9ddce4,290000074001000600050020080045000290920000047000000000300207009000906000700503001,1.2,Easy
00a9c92765d9,009050130080000200007806000000500009300000002200004000000603900008000070012070500,1.2,Easy
00aa07a4a542,004016000010009370059000206480050000500801009000070085605000840031400050000120600,1.2,Easy
00aadaf1ea3f,056000430000000000000205000000107000860000041003000800970000012020070060008509300,1.2,Easy
00ab3794df68,010365000030000459020400000600040903400156007701030005000008030369000020000613090,1.2,Easy
00ac07fe7621,600200519310098060200001000039405006020060040700309280000900001050170024162003007,1.2,Easy
00ac203c5189,008007004509010080306004090000000157000000000127000000030100205060050908800200300,1.2,Easy
00ac7edc0193,005000100100000004406010205001507600000030000800000002040908060062000570000000000,1.2,Easy
00ac9a10f36f,100070030000005027503100000017000000000801000000000680000004908650300000040050002,1.2,Easy
00af05f75a5f,002010704040600008500000106270100800003000400006009072809000003600008050104060900,1.2,Easy
00af20b1824c,030000800000149002204078100086703020071020580020804610008430901900587000002000050,1.2,Easy
00af696ecdf1,284000006070009834090087001018952000007108300000673180800790020742800010900000748,1.2,Easy
00afc229f7eb,080004600050089043600200000170020400040306070006090031000005008710860090008100020,1.2,Easy
00afe2fdcacf,102400005090802430040605009027000183000060000934000650400503020059708060300006504,1.2,Easy
00b0cb087259,804703091900601000000040006290000015003050800480000037300010000000206003620407108,1.2,Easy
00b16dcf134b,004070300520030000008029010001200008060050070200007900010560400000010057002040600,1.2,Easy
00b4c726ead9,050700800076010034203000570000103009040000080900804000064000102320060490001002060,1.2,Easy
00b5cb877819,640000087030090020000000000005402700016000590870905063004821600000030000060000040,1.2,Easy
00b5f7388b0d,030000070806000902050809060001040200000602000007050400020104080403000109060000030,1.2,Easy
00b619bd8c05,040000900002014000000900307600402780200000006057801003509006000000740200003000060,1.2,Easy
00b6a2dd1dd8,006502000003890000002000719400060097080309060630070002768000200000026500000701900,1.2,Easy
00b70524d706,000501000610080054070402010006000100050090020008613400947000261000070000000206000,1.2,Easy
00b741e3b782,047600000009025004002900617090507801030000040104309020871003200400870100000001470,1.2,Easy
00b756687048,582703009000100506010002007207000065000070000640000801400600090103007000700304158,1.2,Easy
00b83b874b4d,007503820904100000500000061700201084000000000630405007240000008000004102071309600,1.2,Easy
00b83ee6e73c,600039000100002470000000800070900000400156009000004080007000000031500007000320001,1.2,Easy
00b938823c8d,801200459700000000600109008007302506000000000409608700500406001000000005342001907,1.2,Easy
00b962c3deee,702000009000103000000042007096000050004050800020000340900610000000705000100000904,1.2,Easy
00b979838a70,810006057506080001000140080400000100078000290002000005020038000700010302930600014,1.2,Easy
00b9aff3c5ed,800274009000103000500000001730000082000000000080502040047000650002401900000000000,1.2,Easy
00b9ef7a278d,090005070800073609046000300670020000020516040000030068005000930409350006030600080,1.2,Easy
00bc087475c5,902137000000580703030040090305000009000000000100000406010070030704061000000452107,1.2,Easy
00bc193fc387,300100049801934000000000010030090071040708060170050090020000000000873602580001007,1.2,Easy
00bc240ed83e,200004000001000000670030900040680070705010802060053010004070098000000200000100004,1.2,Easy
00bc856454c9,749000356000070000000000000004807600010309080087605910000000000908102405270060098,1.2,Easy
00bd1525e672,010035900060000000370009004007610000502000601000082300600100045000000020001270060,1.2,Easy
00bf285755fb,000800150403600900560071020007080049001307800820090300030560094005009601094003000,1.2,Easy
00c099b2408c,500000031230401705010000900000006070050329060090800000005000040603504017420000003,1.2,Easy
00c0e95cf3fa,400830701083140060106020380000000075741000836530000000057060108010085640804091003,1.2,Easy
00c114d1126b,307904508001000300004806700000185000005020900600000001406090803000000000000703000,1.2,Easy
00c145ac274e,010746050000000000000030000500000001002509600700000003074108320009070800820000016,1.2,Easy
00c169ece648,560017004020005379030820000170000900603000107005000083000046090457100030900730015,1.2,Easy
00c1ba5bfe0c,067000580001030700950060014046908170705301408000000000070080020000604000000207000,1.2,Easy
00c1d6a69d42,010300000000064105060815000086000901097000540501000620000142030108730000000009010,1.2,Easy
00c35d385a28,507000401020000070100502003002030700000647000008050600800709006090000040706000908,1.2,Easy
00c3c74738df,000906070100000003050483000024305001000070000700108950000569010300000006060704000,1.2,Easy
00c55b3371a6,001204000003100000007000216400379052000608000970521003852000700000005300000702800,1.2,Easy
00c5a5a3ca5d,097001060680000974054907102106000300000090000009000405905306740723000059060500230,1.2,Easy
00c62a26cf62,005000000076058130020076058047305000082090370000107860730860020068530490000000600,1.2,Easy
00c7d1a76617,050004000302080000000006952500001200091000840004200005829500000000070109000400030,1.2,Easy
00c82f321200,090508130100009702820000000560080001000376000300090068000000047205400003041902050,1.2,Easy
00c8f809e34d,003004006001980000954060308000002030002050600010300000805010963000038500600400800,1.2,Easy
00c9706a1dbd,200000975410009060600850000040903600001040500003508020000021009020400016186000002,1.2,Easy
00ca6347f861,903000402005967300000000000000000000000408000730000046170020083406000705000090000,1.2,Easy
00ca766cbf61,080420000003000070004060500000008109800000005102600000005070900010000400000091080,1.2,Easy
00cb2c000ba5,600800004000025300080361000052000608046000230308000710000958070009710000500002001,1.2,Easy
00cbafa55d05,000300000017000063090020500002004390700000008051600400008070030630000270000005000,1.2,Easy
00cefe4d9876,400000009602907301000030000000402000004090100201070508900050007007801900106000405,1.2,Easy
00d053e2d7a9,000805000400030006300000005000173000060000090000050000601000402800409007024000930,1.2,Easy
00d0b16eba8b,005016090920000060000003005603142000200308006000695307800500000030000071010280500,1.2,Easy
00d349135c90,500080064104500000000012090009000050801020403060000900010230000000008609430060007,1.2,Easy
00d4374d485b,900007004006845000000690020610000540092060370035000096060024000000153400100900003,1.2,Easy
00d47ed19b75,090048000001006408042030610480000000906000805000000039034020980508400300000780050,1.2,Easy
00d4c5000385,030000010200000005700080009040000050000406000105209603004703800070108030860905071,1.2,Easy
00d4e270d651,096270540400500000100000826009600000030040060000003700825000007000004003043015680,1.2,Easy
00d582f86dfd,000510070058000003900003000600080905300000001702090004000600008100000390030024000,1.2,Easy
00d5d652f751,400000006008794000002600840080020430050903070097040020025009700000286500600000001,1.2,Easy
00d72b1846ea,583000001002500609060021053006208010001030900020405800170360020205004700600000194,1.2,Easy
00d72ea4df22,000004620008500000400070809070000050000427000030000060802090004000001200057300000,1.2,Easy
00d764a27d41,018002000090067000705090030000000106580000029407000000070040805000120060000600340,1.2,Easy
00d77c48a50e,010008090200500307037000100500080020000406000020090001002000570406007008080900040,1.2,Easy
00d7ade249bc,400620007080904310030087000098000042601000805750000690000410060064208050100069008,1.2,Easy
00d7b81ceb7b,060802010005163800800000007001594700000000000209000106502000603300040001000706000,1.2,Easy
00d7cf4d815d,100000009000263000806010703064307850000000000908020604002000400380604012040000070,1.2,Easy
00d7e32e6d9b,609020407200000003073000910000070000020000090000508000008010300410203059000709000,1.2,Easy
00d82301b28f,900580004000042900060903000034000605150000092806000130000109050001430000600075001,1.2,Easy
00d84000ab0d,300502490000060215000000080002400003010000050600009700090000000136090000087306002,1.2,Easy
00d8917f4d3f,010520000009076005005010320040000002523000781100000050068040200400690100000087040,1.2,Easy
00d9abf8402d,000805000500000009708921504106000705300090008009040200000000000050070040004203800,1.2,Easy
00dae9c2d8f2,000000700040005306200003050007950003000000000400081200030600005708200040001000000,1.2,Easy
00db43d9e4e4,050040070307000106006201400000000000000104000200050009070309080081000360000706000,1.2,Easy
00db6fe4d9b7,060000080201000605030406090008030400000805000009020500040709020503000906020000050,1.2,Easy
00dbffad3b9c,370080015000000000420605078000503000601000407087000230100804002750000041000000000,1.2,Easy
00dc7a7f6f72,009075060070001038020000001010407005000000000300509080400000070830100050060730400,1.2,Easy
00dc7d5f4fc4,040210037050300000800000000060700000903000406000008010000000001000003040780064050,1.2,Easy
00dcb2f2c863,908000041000001030000000002000006710004020300031900000300000000040300000720000503,1.2,Easy
00dd9968a4b9,340000207020000390009002008900560000006809100000041005400100600065000030103000084,1.2,Easy
00ddbce2b7ae,940070015700000008006090400000359000805607301000182000002010800300000002160020097,1.2,Easy
00de81eb3bba,090003600080602017600057000749000050005000100020000493000740008270106030008300040,1.2,Easy
00decb5bd5a3,000268400004050000208003150607905001190000076400601905026300508000010700003827000,1.2,Easy
00df738d8b6b,600804007301060408070090020008000100590000042100942006010000050000401000000050000,1.2,Easy
00df7a6364e4,000004108800700940010500000002009000089000650000400200000007020061002007907100000,1.2,Easy
00e1c0a50f90,000000005000106900074050003010085060800000004020640010100060820005204000300000000,1.2,Easy
00e2c2b0cbed,007320500015407060800006047059000078300000004420000350730800005080904130004035700,1.2,Easy
00e39eb605f6,097600200010580049800007003008000067060000020750000900500700006270048090009006170,1.2,Easy
00e531af0a67,000090000700536004160000025430000051005000400901000708086709240300254007000000000,1.2,Easy
00e679babb19,608050704007063000900400031060704300810000076003506040780005003000630800306040905,1.2,Easy
00e8c2d00b62,105079623700500000600200007900306580400000001052708004500004006000007005247690108,1.2,Easy
00e8cafe96a3,001006002009030001007408300418000000000000000000000183002604900600080500500200700,1.2,Easy
00ea5d97d52f,090000850008032600007600209900380000000706000000024005809001400005240700026000090,1.2,Easy
00ea659c8047,053004180106003004900001025647030000000508000000040732720400003400300807031600240,1.2,Easy
00eabd0b4f5b,002006003009500070804000002680030720000000000027080065400000206030009500700600800,1.2,Easy
00ebeaad0c99,600040900030690002200085300000004000092050480000800000007530001500018040006020009,1.2,Easy
00ec013af02e,000300800000069500640002000062704009030080020900206340000600075006120000005008000,1.2,Easy
00ec501303f8,000000500100030780200500003605708040001409300040103806700004008028010004003000000,1.2,Easy
00ede7a1e8cb,602500790000000000947000025000090050080704010030060000360000987000000000075008401,1.2,Easy
00efb7ff1f65,200600010000470009010500060032000905000000000109000780050003020300094000070005006,1.2,Easy
00eff9d4b41a,007013000062000030008020195400701000201080409000209008625070900090000740000960500,1.2,Easy
00f32fea69ef,030000080000106000002040500600070009001000200095000130000309000170000023009000400,1.2,Easy
00f335f82dd8,010000000000201006003054100089030010005607800060040230007420500300906000000000020,1.2,Easy
00f43386b637,301000200000002040480300006000040635040050090257030000900006087010500000004000509,1.2,Easy
00f43e85bda8,009024080002560409405008000900000001001080900200000003000700108108093500090810700,1.2,Easy
00f5ad039f48,300060004009010500405000801002000700810000023000604000000030000000508000020090060,1.2,Easy
00f63533ce59,002315700007006000800000041930604002600090004700801059510000007000500300009148200,1.2,Easy
00f70e96b03c,004000600000903000051000270410000023800562001205000706002306800000000000003798400,1.2,Easy
00f728259666,000300000100000203040500600012700000908000506000002370007001040604000008000005000,1.2,Easy
00f9b4de8676,108050702006000400090020080470080031039000570005603200000000000260010057000902000,1.2,Easy
00fb4e0fad22,900080207000400800620700000000801750800050002074902000000004091001005000709030004,1.2,Easy
00fc38482afd,300000007570403091000050000000080000100000009406907102010268070003010200802000906,1.2,Easy
00fd6a0ade24,000000564030060000600908001005007000490000082000800700100203009000010070523000000,1.2,Easy
00fd9100f523,003000280850001090201003607082936000000702000000458120504300906010500038098000500,1.2,Easy
00fe52e5470e,080000000203800400750249010000020001002368900900070000010736084004002506000000070,1.2,Easy
00fe84b6601d,902006053180000020000970008700104300006000500008203007800037000030000071270600904,1.2,Easy
00ff3d230068,000840000020000800060000305304700001200010007800003502509000040007000090000031000,1.2,Easy
00ffa8dc857a,036000000500700800100300002008034600000000000004980100600001009001009007000000240,1.2,Easy
0100d4ca1fde,000601450480000760160004000604207008000090000800406209000800097031000045058109000,1.2,Easy
0102b74a03df,790000803001600004600080050000807010008000400020306000080070005500002600103000097,1.2,Easy
0102dc0b9489,300090846100003500860400000010000200900080005005000090000004038009600002678010004,1.2,Easy
0103383bbd79,060500300005204106230000050020907081000010000850302070090000015503409800002005030,1.2,Easy
0103464d7d14,020080130300000007400326000001802900204050708006907200000279004600000009049030070,1.2,Easy
0103c0e99aac,006018230000000049073000008590800000704000103000004065400000720810000000037250800,1.2,Easy
0104e812835b,007005900045008070100009053734000000000000000000000521680700005010800490003500600,1.2,Easy
01052a0c780c,040002000780001400000000060007500038800000002420007500060000000003700056000800010,1.2,Easy
010544584865,001500070904708000008200549020000451000000000613000080135004200000102804080007600,1.2,Easy
0105b9713548,020000090608000705050704010001060900000807000007050400070906050106000208040000060,1.2,Easy
01063a599aa0,090076100000000208480000000500040000900601003000020001000000074706000000005490030,1.2,Easy
010700e0f22c,603000508200408001000000000000030000050109020020687090870000016000516000002000400,1.2,Easy
010765315106,300090106060450390240006000005000030970010025030000800000600054026043080401080003,1.2,Easy
01078986b830,200800305005300900390406010006000723000000000928000500010608037009002600702003008,1.2,Easy
0107bdb7cc21,000090000010000020000607000700050001000709000009080400050000030800345009306000107,1.2,Easy
0108f7832119,100000204000710090040000017003802000700090008000103700950000070010086000402000003,1.2,Easy
010968015136,320010000070340600000000005000800013200504007840001000900000000005076080000050091,1.2,Easy
0109dfd44dae,001000040940003520025640809070030200003897400008060070109072680067900012080000900,1.2,Easy
010a8c5cc150,084000750600000003100060008000704000009806200045000630000601000001000800007409100,1.2,Easy
010aefa83e76,300005708001720500560000030600080040080106070050070003030000027008057100706800009,1.2,Easy
010b2dd48bb2,040080350800460201610003000006517090170208035050634100000300062301076008067040010,1.2,Easy
010de5b63153,006004701010060004007000023600002080301000502020900006970000100800010060105200400,1.2,Easy
010dea8cc9a1,200000603017036020400002010042305000060080050000401980020100007090520860301000009,1.2,Easy
010ea8c76570,100605004400107008006000700008030200300908007000000000060090040200806009001204500,1.2,Easy
010eabdb726e,100080006025906030000024090051000040807000902040000680080190000010502870400030009,1.2,Easy
010f3d53be1d,009400120400050000201080405000605001015000690600708000106070508000020004048006200,1.2,Easy
010f64815d1b,800004300000000014006350800200030900060809070007010003003062700150000000009500002,1.2,Easy
010fe854bbbe,006000700000208000500000009400010007000367000020000090070080030009501800043000560,1.2,Easy
0110aacbafee,000010000048030760095000380006708400000000000020060010057000830030000020000293000,1.2,Easy
01111832a6a4,009400006200107000007900040028000010030258070070000620060001300000603009500004100,1.2,Easy
011126bd6316,000750020657000000420960000000500003706030902900006000000017034000000619080093000,1.2,Easy
0111ea5785dc,900002003030804201708000000000000010047090560090000000000000702406708030300500006,1.2,Easy
0111fc515377,500001074730504810020086000986000030002000500040000621000450060057108043610900005,1.2,Easy
0112793ee958,654000901001405007307001654065000070000050000040000190419700503500609700706000849,1.2,Easy
0112d824fb7f,070040080010000020409000106300827001000000000045301790000000000700216005203000607,1.2,Easy
0113a45aca04,080500000040000876063010400000163002006904700300857000005070160734000080000005040,1.2,Easy
0113cd56cd13,200003007001897000000100040930208610060040090017609082080004000000316800300700001,1.2,Easy
01146b77e820,008100090410500720097002401004207038000010000870903500209700150041005062050001800,1.2,Easy
01168950dc9a,507601809120000056048050370000835000090000060000000000004912600900000002010407030,1.2,Easy
0116e96c40bc,106004002070008010005000709640807000000030000000106054304000600050600020800700503,1.2,Easy
011862415f70,700000009400010006180906054004208500000090000058000690000509000873000915060070020,1.2,Easy
0118ec9b728d,800200704009086000400305090042000506030000010105000340060502008000940600201008003,1.2,Easy
01192c09514f,800730092970562080000008000038405016260000058590806270000300000040259061120087009,1.2,Easy
011a3fd299a1,008740060401026300060000014030607005680000043200804070570000090002560708090073400,1.2,Easy
011b41cfcc86,400890100800063000090004000004000950300000004072000800000300070000120009007085006,1.2,Easy
011b5e4c8a92,234009017800000602070008003902503000000020000000706201400900050308000009710300426,1.2,Easy
011bbf6d736e,000004600906000005070090000400200070059070460010006009000010080100000507008300000,1.2,Easy
011c1e019853,000093000090050023030201700208000300970010068001000502007809050620030080000720000,1.2,Easy
011c6047d34b,504070003090081000000500007020090600706805904005010030800006000000150060600020509,1.2,Easy
011cc2d74cb0,500000040007000815000010903000760009300090001600024000702050000891000200060000007,1.2,Easy
011d11ea8074,100050007000000000605807903041000760008090500000000000000139000060000020800070009,1.2,Easy
011e7b4ec74f,050037900009001804810050030470060000206704305000010047040080069908300100005970080,1.2,Easy
011e7d766740,020009000015740036003600910800000760040000050096000003078005600130067490000200070,1.2,Easy
011f37f628de,261900703009002108340000029010030006000508000400060010590000031804100600103006897,1.2,Easy
01202ece029d,302060701600000003074010920067080140290601075000000000006908500000000000100204008,1.2,Easy
0121474a2608,100500060002080030000006809700003000000201000000800002506100000010060500030002008,1.2,Easy
01219753804f,190000000050640000000009254001760003049000680500098100826900000000084060000000039,1.2,Easy
012248f6fc42,900060045100590000000801000001254630680307094054986200000608000000029007820030006,1.2,Easy
01238fc8824b,431700008000921003000003005097805032020060080360102590200600000600237000700008216,1.2,Easy
0123bbcfbb7e,000487300000100700830002000709000051400060003280000907000900035005008000008354000,1.2,Easy
0123dae552f2,370500009065078023000030080030817002087206340600453070050020000740980130800001054,1.2,Easy
0124252e9173,000006500008400300452030980500204060007000200080609005036020849005008600004300000,1.2,Easy
0125426d0ab0,805000603000301000360504071080000060093000450000090000004000300000938000008020900,1.2,Easy
01271a5df2aa,000507080200000000906013000100300009002080400800004007000260701000000004060105000,1.2,Easy
0129f5ab96c2,900071000000005070100000300090300200074080190006009040008000005060400000000890002,1.2,Easy
012a5af69ecc,000008021048000900070026004000000680000030000064000000800140050003000160790200000,1.2,Easy
012b9b27ba57,080940700709300000006010080900030402000864000604070005090020500000003901005091030,1.2,Easy
012ca453ee63,001067000039000070000803014708106200500000001002305806610508000080000120000710500,1.2,Easy
012ca6c54572,006204700003000400200070001009000100000791000702000803007806300800409007400030008,1.2,Easy
012e9a07d9e3,054000000002034005008010964080703000046000710000801030475020100600470200000000450,1.2,Easy
012ea5c1194f,000604000600718004480020036005000400046000710000471000020905040850000067004000900,1.2,Easy
012f7f045b2a,900040003001900000004070180000805070103000905020106000069080300000002700300060004,1.2,Easy
012fc1c12517,400805602009300000200060030800503079002000800940102005070010003000008700603709001,1.2,Easy
013487ff7fd6,270054003008006204050200090820000700900000002005000041080003020103400900400670018,1.2,Easy
0134a80232cf,006008000010000320000020007068304000001000500000206130300090000072000010000800200,1.2,Easy
0134bccadaac,600107900504600007190000600008200040000408000040003200005000082400006503002304006,1.2,Easy
0135979afbe9,000060104050002003730000006004700000000815000000006800200000095900600070605030000,1.2,Easy
01360c494cad,400000206000941300510200000030080620020105030084030050000008042002714000309000008,1.2,Easy
013617b7ad0f,790800041000000000134900086003001090000379000080200400270003168000000000310002074,1.2,Easy
01371ef10f01,081005079470000600000068401000000017000931000910000000206150000009000023850200160,1.2,Easy
013726229996,080100200037020081204000950000010006050907010400080000049000103360090870008003090,1.2,Easy
0137ab1cab04,008104200000830400340000008400308065060050040820401003200000017004087000009502600,1.2,Easy
0137b35bcd91,900058403080004050405200700860000200200000005007000086009006504050900010706510002,1.2,Easy
01381adf1f4f,035002000000500020200903007420000790090807030071000045300708001060001000000300450,1.2,Easy
0138282a629f,000000000000541000500060003400206008001903600006010300200000005040050070003000100,1.2,Easy
01384101496a,130900802000000003905802600008000907000050000301000500006204301200000000409008075,1.2,Easy
01387dbad076,070000190000050206034002000000015007045030960700460000000900820408020000016000050,1.2,Easy
0138c7384a8e,000600509900700008016000000600000014000974000340000007000000820800001006709005000,1.2,Easy
013949f2190e,098400500003060901120003086001000005030000070700000100480100069902030400006007210,1.2,Easy
01398c12f041,009008160420030050700000008200619000070803090000754001600000005010060079082500300,1.2,Easy
013a24e7f89a,670500001048010600035000400586000000000904000000000213003000170001030940700002036,1.2,Easy
013a58ca48bf,000000000000603709000078650910004530060159070042700098079240000408307000000000000,1.2,Easy
013bc280155f,010000090000209000860030042400000001050000080090408020530040019008050700000187000,1.2,Easy
013d610816cd,001500000040006830032900104020090507000703000708040010109002470064300050000001900,1.2,Easy
013db4414189,010409800040000153320001000501398007000502000200764905000100094152000030009603020,1.2,Easy
013e83f8b0e0,120000704000070030000052108007060900000308000008040200706980000080010000305000016,1.2,Easy
013e95cd27a5,000461800030000050100350000400070902208605103603010008000039004010000080007184000,1.2,Easy
01406c160c33,200090000130000700800074030908000000000486000000000107050810002006000059000050004,1.2,Easy
014071574c7a,003010600001308500000000000800407009300080006070090050009643100000000000506709304,1.2,Easy
0140ee39f522,000010000009803400500702009900050006080000040120090078600421007410000065003000200,1.2,Easy
01416731f8e8,800070052002000700037004001620040090009000500080050046300800170006000300750030009,1.2,Easy
0141e02951a6,420000907087000026105007380009871000000206000000439200072900103960000750801000092,1.2,Easy
0141e3cd07d4,020409030006020900890000076050040060403000809000683000501000603030010040000030000,1.2,Easy
01423f76d316,034705820001000300270106095000000000000010000040263010400000009500020006106809504,1.2,Easy
014254272d9b,309580002050401030000000005060904053100000009590702010700000000030107080900038701,1.2,Easy
0142d3116de5,000730180300000900271900000400003000060040090000500003000006529002000008087019000,1.2,Easy
0142f9d3f362,041070800000400009208030704000704080902010405080903000704060108600002000005090640,1.2,Easy
014403be1780,720600000500000600009321004000890030050000080030017000400758300006000005000002019,1.2,Easy
01442d71c379,800050007004000300007080400708000504010000030000601000000403000070208060900000002,1.2,Easy
014560868f6c,708000000045000000000005802000086250030020040059430000103800000000000460000000908,1.2,Easy
01457b1930ab,000001870790058140410060000950000000064090580000000064000030091089710052045600000,1.2,Easy
014822e41e54,020004360680900012700005000106080090000103000030090201000200005350001079078300020,1.2,Easy
01484b45e9f4,005000700040517620630090001010905030089070160070801050300050016061439070004000300,1.2,Easy
0148d89afd55,750006009068040027009007160206804000090020070000703902035600400910030750600900083,1.2,Easy
014968115406,007008006020000007038007400002004015006905800540100900004600590300000060700500300,1.2,Easy
01499331a2af,100009706086307040900050010250708090004020100090105062020070004030504620409600007,1.2,Easy
014a7d0130ed,000586000000000000093000460009000800004358200080201050001000500400030008020060090,1.2,Easy
014ae3d5be85,000000000309000105001020700500070003706413502400608007007000300000705000803000401,1.2,Easy
014b6b1150d3,060001000010060824058490600800314200026809370001627008003048150185070040000100080,1.2,Easy
014c72e2e585,200700308003006100970800060020050603000408000807020040010004035005100900402003006,1.2,Easy
014d3cc6f4d5,109050004008900500020800069000705240800010003074308000680009070001004300300070902,1.2,Easy
014f302f4b9b,080090000060037095004001300038904000710000049000508130009700500150240070000050060,1.2,Easy
014f87fd9e35,900800015007019002000000009000040091009000200520090000700000000800570300610008004,1.2,Easy
014f9ae55842,200050001910000046603104502000000000070080030000695000004000900000702000500000003,1.2,Easy
014f9fe70845,000703000100904002400000003046000790000000000003000800007090100065070420010060080,1.2,Easy
014fdb85f908,004903200005000600070000050000000000800000002200708001950080024020596080000040000,1.2,Easy
01509934e30a,780000500000500406090030800002091050000000000050480200007040010306007000009000082,1.2,Easy
015185502b5a,082090010700000304060508007001000800900050001007000600300709050208000003040010760,1.2,Easy
0151aa944cc3,600900437207360100950400080000080371060103020371040000030004095002031706784005003,1.2,Easy
0151c10b7705,321800065690003082005000103030020001000354000200080040503000200710400038840002516,1.2,Easy
01521468bd17,000020070208000900049087520007010000601709804000050600013690780005000209090070000,1.2,Easy
0152697d6d68,506307209007080500000000000010040030002593700000000000800104007001826300050000060,1.2,Easy
015373c46986,005076000000400700040003006206010090300509001070030605400300050008005000000720900,1.2,Easy
01539694eaad,007040600000010000020309040002000300906000208010000050600000005001000700058627410,1.2,Easy
0153d8821ba0,300000070162007000000000002807502100004090300005106907500000000000300514020000003,1.2,Easy
01543dbd8465,700005843180097020600003000935000000010000050000000192000300001090240076261700009,1.2,Easy
01547cbc409a,000000680304020700615970240000352100021709830007186000078014362003060408046000000,1.2,Easy
01549a991577,001508600020900040500006001607050032000209000210070406800600004060007020005402700,1.2,Easy
0154d674ee2b,000560094100000000030000705004008073060000080280400600801000050000000001650072000,1.2,Easy
015557bf5031,408060000000090070600008001080000000190543087000000050300700005010080000000050906,1.2,Easy
01558428f876,050007000060000438090260000400050300005901200006040007000028040918000050000600070,1.2,Easy
015636bd5c8b,590300408002900701170028090008000047007050900310000800030680072704002300805009064,1.2,Easy
0156975ed500,000009760800346500690000000910407030040000010030801052000000045005723008089500000,1.2,Easy
0156bece991b,040000000051800273030260010000492380003605700082371000070056030398004160000000040,1.2,Easy
0156ef997553,000060040138700690069003150002386070600407009050912400024600910013004726090070000,1.2,Easy
01570504ffd6,000908060004600900006025140013000890000000000079000310062310500008007600090206000,1.2,Easy
0158c275b074,641000008000800103030061009007080010009104600050090800400620090203008000700000382,1.2,Easy
015918874097,706000903004029000800103054029708500040050090007904380460201005000480200201000409,1.2,Easy
015a6ffe2e66,900506001000403000010080040000000000861000324002108900000030000009040800630000019,1.2,Easy
015ad75a894c,100020035900005400057009200064080000700902006000060870009300640008200003630050008,1.2,Easy
015b40d43839,700402001009000500800000002081070950000583000203090407000000000004030600000608000,1.2,Easy
015bfbe7127a,007001450104200000900600071600903140000060000095104003540009006000006302016700500,1.2,Easy
015ccaebfc38,000704000000000000803206407010502040084107560000908000007000800020010070950000021,1.2,Easy
015d413f2495,100007400800240100002030000000000060320901078090000000000080200003056009009400005,1.2,Easy
015da3c9b78e,840000003005120004001800950000050490050201030073090000084002600700086300100000085,1.2,Easy
015e4df06ab5,000078400300050867000300010800000709005709600903000004010003000536080001004560000,1.2,Easy
015edfbb3c2b,001000200000080000060050040002000100907000803000807000800060007030000090290501086,1.2,Easy
015f3af4573b,090080020002000300500402006004000700000000000981000463203090804807603905000000000,1.2,Easy
015f3d99148a,030970800080400073700008000003807095400060001870209600000700002210004050007023010,1.2,Easy
015f51d3a98f,005006910300000600460005007504263000000107000000958206600500091007000002093400500,1.2,Easy
0160de7bfc98,013058090007090001000004000190000000000206000000000073000500000600020700070340180,1.2,Easy
0161557043ba,000605002920000003008400600390000000050030040000000097004006800200000016100702000,1.2,Easy
0163bb0c6b4c,790100006080523047004009100028000064010030080360000790002300400630497020800005073,1.2,Easy
0163d8ff5d6c,000050740040260080670000002000000620008412300053000000700000095090028060034090000,1.2,Easy
0163dbdf754f,000090300030042060409830200010000800826000173007000090002087401080420050001060000,1.2,Easy
0164a344cba9,080603020260508041004000300070000010600020008840000075000792000020000090000406000,1.2,Easy
016538b121e1,090000010000000000600201007306000809010080070400502003000010000009000300020647090,1.2,Easy
01659c9408d9,900000107020090860716530200000020900072915640001070000009043516064050080507000009,1.2,Easy
0165d4216c07,100500003002309700073400950080000249000060000937000010026005190001702600400001002,1.2,Easy
0165ebb73cf4,001000006059360040007010000200000000700432005000000001000040500030085720600000300,1.2,Easy
0166bc20c984,020090080008000600030702040003000100064000520200000006040070060000000000906104305,1.2,Easy
016790d3b8c2,010007900500310000062040800900600200000000000006002001001020430000095006008700090,1.2,Easy
0167bcb267ad,100809035034700000080500021050008100000000000006400080820007060000004910640902007,1.2,Easy
0168fe5ab9e8,310050907007003401240019030039000000401060309000000510080570043704900100103020095,1.2,Easy
016b03f8dfd6,030600504050000092008040300402509000080000020000806409005010900840000010106004070,1.2,Easy
016cd04430b4,000803000004000900000020000040602080500108006700000005050030070602000509380090064,1.2,Easy
016d17c2d1de,000204000021000630038010570000806000007000800050000040070020010000000000340000059,1.2,Easy
016d8bae323e,850060400004100300070540061010000970000000000096000050180026030003007100005030042,1.2,Easy
016d9908ca7f,230700006007010003000003050005080004020147030900030700060300000500070800800001072,1.2,Easy
016df04ed651,070000090500740006002350700000205460086000370053607000008076100700014009040000050,1.2,Easy
016e5f4539a4,000006000600054000004000205403000020010209070050000608702000400000960007000300000,1.2,Easy
016e81c1ee7a,600150004400003800070000300000500020020040060010009000002000070005400009800071002,1.2,Easy
016ed37c6c66,000500600063001007540900100070000950000040000096000070007003094800600720001007000,1.2,Easy
016f75b05a5c,004702800000000000007304900000080000000507000140000035780010092600803001000000000,1.2,Easy
016f7b8b6abd,000105000090806030000000000600403002000070000008000400070000050130000089920040013,1.2,Easy
016f82d0848a,700000003203060701000000000900102008000000000016050420600514009580906042009308100,1.2,Easy
017195853039,470065002000209106060000000640127050100308007080496031000000060706502000300680029,1.2,Easy
01731967d3b0,000800230230090040905007800003010004070403050400070300004500703060030091087001000,1.2,Easy
017322ea5f84,307000000600084070290700000500046000903000604000890007000005043050470008000000905,1.2,Easy
01740d7312c4,009841200500000007040060010700000006084010920006905700000209000001000400000000000,1.2,Easy
01753d2b6921,401000597300040200920000008000914000040602070000378000600000025004020009582000301,1.2,Easy
017601382525,000000000009620000030010475900054010150000084080270009467030090000065200000000000,1.2,Easy
01761868de73,000714006094300000010000003205106000000030000000809302100000040000005970800421000,1.2,Easy
0176ad1b9947,090400820004070003000103076420010000000000000000050068230906000500080300081002040,1.2,Easy
01780bac38a4,906000405200406003010000020800907006090020010007000200058000960070605080100000002,1.2,Easy
01780eaaa4e7,080206070000070000003000400010000040000050000050743010009000600008905200026801590,1.2,Easy
01781074323d,100000008047050130000030000300000009006327500000801000060205090910040025500906007,1.2,Easy
0178618cf219,092703000030002057000006003315204009000000000700901235600100000450300060000408590,1.2,Easy
0178e11699ad,009002000004706000000593042621000530003000400048000129390658000000207900000100600,1.2,Easy
017a86cec729,000003827900460501500000000002300080601000204050002600000000002405039006269500000,1.2,Easy
017a92a5d810,174000025208075006005004738021000000060030080000000690482600100300240809910000264,1.2,Easy
017a93ef547c,350607009090005076000130000160000902008000700905000034000091000610700050500203091,1.2,Easy
017b4c6c0253,302500006080900140010060007000409038003000400560208000900020070051004060200006503,1.2,Easy
017b55bd9fe0,800010609016000030300507080009805300200000007001703800020106008030000490108050003,1.2,Easy
017bd1ae47c5,001738000000060300040001009309000004120000067400000203500600070008090000000125900,1.2,Easy
017beff635c3,000076210507000000600903050806020400300705006004030509010807005000000601063450000,1.2,Easy
017cb5b7d36e,010000000063005087005470960040809100007010600001706090026084700190600830000000020,1.2,Easy
017fba1144bd,000040738200000410400038002000300201040000050805006000600510007038000005521090000,1.2,Easy
017fe6467fd1,300020080060003900000900025070610000205000107000045030420006000001300040030080001,1.2,Easy
0181e0fbc043,100003809080609030307000500930708010000090000070102065003000108010307050604200003,1.2,Easy
0181ea551448,010507000005042801070000030350701002090000050600805019080000060209170400000908020,1.2,Easy
01823cdd1784,704300005000008300030514006023801609006020500507603120800432060002100000300006802,1.2,Easy
01826b2a98fb,030000020400301009800000001004020300060547010090000080009060500000000000000198000,1.2,Easy
01827b9c17b9,002003000058007010000600074160405700000090000003701095810006000090100280000300500,1.2,Easy
018396b468fc,302010009010000002000040070190007320200901008087600041030060000900000050400090203,1.2,Easy
018398ee9c65,086007000075600039000403086708205410000060000024308605650102000230006150000500360,1.2,Easy
0183cfc3d389,000000000086000970092103650900020005200070006805000709030905040000000000000642000,1.2,Easy
018422a50de7,082040600100000002570092100000670000005000700000039000001960035800000007004010960,1.2,Easy
0185803baa69,050000010706000203090803070008060100000507000009020500060209050801000304030000020,1.2,Easy
0185d0f42ebb,040008307080000590020005000200800760000090000015006009000300050064000070701600030,1.2,Easy
0186ffb2a391,007003140405100000200800036700090620000605000084010009370009008000002403042300500,1.2,Easy
0188b95e53f0,001000300060010090500040008098000610030000020050928030300050004900204001000000000,1.2,Easy
0188d63e7bab,043000000070003985059680401060090200004106800007040050702014560416500090000000710,1.2,Easy
0189174415cc,010200064000106000670504000160000030520000078040000025000308047000607000390005010,1.2,Easy
018964d1e90f,600900004050040190047100800000608501080000040509407000008001450036070010100004009,1.2,Easy
0189e6426eb2,730800002000340705080700000000000521020090060451000000000006090302014000100007036,1.2,Easy
018b61312334,000103000230000096080000040000708000100000008600501004000050000400000002906207103,1.2,Easy
018c37663ea3,064090000090100834080005007003000040800030006010000300600300080125004070000060520,1.2,Easy
018c6d4f7aab,000109050147500680050700010700000968000080000685000001070001020093006174020403000,1.2,Easy
0000847b216e,020900000048000031000063020009407003003080200400105600030570000250000180000006050,2.3,Medium
0000c45fb232,100800570000009210090040000300900050007000300020006008000020040071400000064007003,2.0,Medium
0000fc7c6b96,002000800005020100460000029130060052009080400000302000006070200700000008020519070,2.3,Medium
00010f10503b,802600009000058000006000401090406005020000040600203090205000900000970000100002804,1.7,Medium
0001d8f677e4,070000120100000067000200004200040070710030049090070001300009000950000006067000080,2.3,Medium
0001e494a5b8,054608003700004000800000020690000102000010000203000047070000006000500008900306410,2.3,Medium
00020ac6da1f,000159000015000790000000000100405008280000067500728001000896000098010420000000000,2.3,Medium
00021acb2bbe,000000000340000091701060408800000006010000020600205009060107050005020100030090060,2.3,Medium
00024d60bdaf,206008309001002000700004012942060000000407000000080423620700004000200500309800206,2.0,Medium
000293df085f,100009570798040000600002000012000008000000000500000320000300005000070416061200003,1.7,Medium
0002a00dec12,009610720001050004000000010000400109000185000507002000080000000700090200045027300,2.3,Medium
00031bba2da0,002806100000090000300000007003000200600704008820000045000010000140080063030050080,1.5,Medium
0003283ba4ad,010609070020701050050000090200000005000040000604805302060000080009010600000502000,1.7,Medium
0003367e2c43,070090050500010006004000800001904300003000600960000085000000000006807100040000030,2.3,Medium
0003a55e8030,038000006290010000540800100000100000020060040000004000004006051000090073300000290,1.5,Medium
0003c5d082fe,004060900860000014003000700000000000950642071600080002000000000025000680480010059,1.7,Medium
0003d0c36fe4,450000027000050000006040800014709560090000080005020700100203008023000190000090000,2.0,Medium
0003e30b8e40,060070080107000503050104090001000800600305009034206710000020000000907000000601000,2.0,Medium
0004292d91b9,030000000002379004004008100000080097006000500520010000008700400100834700000000080,2.0,Medium
00046f65314e,800000905039080620720004080002090000070406030000030100090800062048070510607000004,1.5,Medium
0004878d9b29,300006089690800070001200300400000910000020000035000002003008500040003091950700004,2.0,Medium
0004b2116296,010006800060000000324000067000048090000709000030210000540000376000000040002600050,2.3,Medium
00051e7ddd43,087000910200000005000809000000030000305060802900000006800010007060000020002674500,1.5,Medium
00057aae90e4,008509600760000094000000000000040000090802030800000002070396020009020400030000050,2.0,Medium
0005870268af,003040900000207000010000050029403570580102093001000800005020600000000000060501080,2.3,Medium
00058871b3f3,000030000092040008016800200500003700000080000008700009001004970400020160000050000,1.5,Medium
000595eb7354,200709005600030002400000007002000400000104000000567000840000063029000810007000500,1.7,Medium
00059c19462c,009040000080000045400005639000520000030000050000039000794200001320000080000010300,1.5,Medium
0005c7336bef,540900006000002708070430000080000901009040300602000050000021080107600000800004027,1.5,Medium
0005f23524c4,000402000000709000052000930023601450400375006000000000000000000008903600306000702,1.7,Medium
000608fc1f6a,000020000059700420080031060006000090705060102030000500090810070023007850000050000,2.0,Medium
0006199b18aa,007890100030006080608000503020000006900010002800000050702000309040900020003087600,2.0,Medium
00062d1ba715,270000060000500900000001005608050700000376000009040306900600000006003000050000084,1.7,Medium
00062e24103c,000709020050008309008300000092000074000040000310000580000004800201900060030801000,1.5,Medium
00065780345c,000809000043000870020000010300020009000308000010000020607000402084205690200704001,2.0,Medium
0006668f3cf5,009370008000061009060090700000004000530020091000900000004010050300250000100047200,2.3,Medium
0006f1eaebbb,036000200000084006100600004010090300050406020008070010300005001800730000009000870,1.7,Medium
0007fecf948d,920504038000603000000070000105000806400108002007060500002000900740000051300020007,1.5,Medium
00082d525170,000000000418060030270830000006002805300050007801900300000094063040080791000000000,1.5,Medium
000858818a29,830060004000902007000310000040000280103000405028000070000079000200401000500030061,1.5,Medium
00085f5cebf3,001000009607210350580400000010600000053000620000007010000002038078065902300000100,1.5,Medium
00085fc3b71b,000000360050040008000852001007500000260000053000006900600294000700030040041000000,1.7,Medium
00086c96870a,000000020000000609800501007000014070318090546020630000500708002204000000030000000,2.3,Medium
0008a9bbec66,000000920906350000408009630009000070010080090030000100091600407000018309084000000,2.0,Medium
0008c607c386,000065008000710004900000370080000703050020040204000050018000006500036000300890000,2.0,Medium
000922b5dcb8,090030020005806100730000085007109800000403000010000050000000000580000079900501002,1.7,Medium
00094051ac3c,016030290003000800490000076000904000000000000600105009200040005570000068001000400,2.3,Medium
00094ab4bc86,050603020800174006000000000700000003004305600010090040000000000400010002520000067,2.3,Medium
000975a8d83c,000000000805040709340080056030275040500403001000000000900138007010000060000506000,1.5,Medium
00097cc12c8c,003600010000040050060012000040200875010000020528004030000350040030090000090008100,1.5,Medium
000a1c671d7a,603000000002050630000040870501300060000507000020006901018060000039070500000000209,1.5,Medium
000a3f1f1070,000502000060070080250308076000000000000403000830000095043000210900000003020907050,1.7,Medium
000a50946825,000952000000000000061040520000136000100020007080000060203807401500000003000090000,2.0,Medium
000a7162bc3c,008020500003806700040000080009000300800643005300000004180405069000781000000000000,2.3,Medium
000a808e373d,007300000802040000603209000000000956000000000748000000000608401000090602000002300,2.3,Medium
000aab8430c0,070809040060010050000635000810000024003000700040050060700000005500461008000070000,2.0,Medium
000ab4e09d7e,000000084400000900108400276000910407000602000306045000943008605001000002850000000,1.5,Medium
000b4e88149f,070103050400000002018020730002958600091604280000000000900000007060010040004080500,2.0,Medium
000b54c8ea62,200071500600000009800500000070025000090060040000740050000002005900000001006390004,2.3,Medium
000b93f671c1,802005070000092000500400000100000060960020054040000007000009006000350000010800302,1.7,Medium
000bab833225,400908003080304060002605100010000050703000901005030700070206010009000400000050000,1.5,Medium
000be51bce1e,000020000060000040902000306000040000045030710700000008420901083000302000089050120,1.7,Medium
000bf8f964ba,000759100000003900941006300124000008600000001800000294005800623006500000002967000,1.5,Medium
000c6819b5f6,002000030810060050003002708004796000020308010000215800608500200050070081030000600,1.5,Medium
000c687e3697,280306095030902060000000000300000008004000700890000016008000100700683002000090000,2.0,Medium
000ccec695ab,040000010001000700009807500036040280400602009000000000005704900003060400060905030,2.3,Medium
000cf3cdd933,010090000005010308032000540000321000820609034000784000089000470501030900000040010,1.5,Medium
000d33144d67,508009004001060800070204015906000700040000060005000208150802090004050100800600502,1.5,Medium
000d46440ed2,837005000001630800000900100000000067000302000750000000008003000009024300000500724,1.5,Medium
000d63c5c678,070002090100005403035000600740306000000000000000708014007000960903800002020100080,2.3,Medium
000dcf1a12f4,000005073007109002600000900100800500020030090004006001001000009800407300970200000,2.3,Medium
000dee572018,000800010000036500050000083800360070600509002090048001180000090002490000040001000,2.3,Medium
000e01eedac3,000815000706000805900000003402000608800070004070000030000306000060709010090040060,2.0,Medium
000e2f86016e,000006002912008000708900500020670008000000000500082060009004107000800254100200000,1.7,Medium
000e97fc1eb3,009300100000600007046007002090000081000010000680000090500200710400001000007004800,1.5,Medium
000ec88e2d73,080000050700300608029050100000407080003090200060502000008040510904005003070000040,2.3,Medium
000f13f82b39,003000051006054020040309000017000040600000009050000370000702030030810700870000600,2.0,Medium
000f1634b647,040050090030108050006000100000020000200040001600317002305000907010000080000593000,2.3,Medium
000f53fbe1cb,709000400000040006800906000007300080080604020020008100000703002400060000005000901,2.3,Medium
000f993164ff,500030002308000605000105000000050000051000240004601300025704860000000000140000029,1.7,Medium
000ff78ac1f4,003400090098073001200000000080002700020000080006300020000000009900860370050001600,2.3,Medium
00106bddc9cb,007000500000109000090587010020000050030852060000030000304000605906000203270000081,1.7,Medium
00107849a69e,001000900307000408400030001700000003900106002060305010093804120000050000000901000,1.7,Medium
00108ffea571,500728006407050000006000800032040000800000004000010720008000400000080109200631008,1.5,Medium
001112fd15e1,000860001052940000000050089503000004400000002200000308730080000000094810900026000,1.7,Medium
001132c3c9e4,060000020000000000290000053000000000607108205008326700100465007000000000005907800,2.0,Medium
00113a384da7,270000053000000000800709002060203010000904000001060200003040100700000004040607090,1.7,Medium
00113c9e62de,900000001250000076800000009000609000030174050000000000005040100000803000040702030,2.0,Medium
0011a1bcc265,980000024000040000026000570000105000060000040001402300704903208005000900000080000,1.7,Medium
0011d463729b,060000020279000863000000000000904000603000204040235070030598010008000600500000008,2.0,Medium
0011de66efa3,000609000000050000608401209065000970031000540700000002000090000074000820100080007,1.5,Medium
0011f73c9f0d,050000060869000714000804000000607000004030800700040003900000001001050400073000650,1.7,Medium
0012082c8dfa,009084000070100060003000805700605080400000007050407006205000700080003010000840600,2.0,Medium
00120b19507b,009003500180702400000000002300050000700000003000040005800000000003609027006400800,2.0,Medium
001220049bd7,120504086500086007000700000350000904010000070906000051000008000600470009730605048,1.5,Medium
00122de381a4,061000000007602001009001576032807060000000000070306210256900800900203600000000190,1.5,Medium
00124b435177,470000095300804007000607000006105400003070100020406070207000508050040030000000000,1.5,Medium
00128c77edc8,902007030700900601060000000540090000009080500000060019000000020305008006020300804,2.3,Medium
001301ac1a81,000924037029005000040030000070000003095000680200000050000060040000100970580493000,2.0,Medium
001337951c51,001000000720800006060004801100209004400108007200605009905300070300007095000000100,1.5,Medium
0013576d23b6,002107300860304019000000000058000420020010090007000600600409003080000070500000006,2.0,Medium
001385807a17,009050800076809502050000009025080000080901060000070380700000050502704930004060700,1.7,Medium
0013f539ae03,003050700405000806067000520040107090008030100000904000000000000000293000800040003,2.0,Medium
00141af4238b,000000000000010000080206050300000006690503078001908400006040700000000000205307804,2.0,Medium
00141f31c911,000000054006030800200740000000500309080060020901007000000029001003070500670000000,2.3,Medium
00142a2ed6ee,800000007000010000000352000009060300000000000008207600201905704650000023030000080,2.0,Medium
001431aea23e,000000040000004900610908000400000052027406890890000006000502078009700000030000000,1.7,Medium
00145ea935d0,053000420007508600008020900000050000200000004090784010104000807000000000002607100,2.3,Medium
0014b7c6bfd1,004000500000024008095700006070060081050090040830070050900007860300940000007000200,1.7,Medium
0014ec9f460f,006070021800000450000005600030008075000706000790100060004200000057000003260030700,1.7,Medium
0015060310da,830000047006301900000000000007508400900020005350000016460209071000070000028000590,1.5,Medium
001519e068da,083000450020050090600982003000030000001405300300627004000000000508000901060000030,1.7,Medium
001587f46228,000800400900415000056020008000000600703000209005000000300070140000946003002003000,1.7,Medium
001602452f4b,020093000090007028000680000630000900409000302008000075000079000760300010000410030,2.0,Medium
0016518fb4d4,039000680010000030600000009000070000040090050000851000002685400080030070006020500,2.3,Medium
0017687e32b6,000030000608900020005060019000020005480503061700040000570090200030002107000010000,1.5,Medium
00179796b136,300000006500000001090000040069503120070901050030406070007040300620010085000000000,2.3,Medium
001804c8788f,000010000501742309000539000307000801100000006900000007000291000060307010002000700,1.7,Medium
00180729c7ff,000741000800000007020805010900103004050000030200050008030408070592000843000000000,2.3,Medium
0018571b934e,000802000050040600480000100000300004076000520900006000001000073008020050000107000,1.7,Medium
00188169d47b,004000080500347000003805407069702140040000070027104890908201600000569008050000900,1.5,Medium
0018947a22d9,068000500001009000000047003004005008200030005800600900600970000000300200005000370,2.3,Medium
0018dc92b221,008000100006104500001957400007403800090000040000020000000208000800301007030000060,1.5,Medium
00190ae58579,704001009060000420020500001500040900000908000001020008900006040017000060200300107,1.5,Medium
00192b860b71,800400050100000234040006001600309010000508000080104005200600040718000003060001007,1.7,Medium
00197b1daee7,010605020000030000000402000000000000006107800050964070065020130009000200780010064,2.3,Medium
0019cf830635,007809500800706004000000000000503000500040007003000100400000003001000200320901086,2.0,Medium
001a47f3a763,000009300050800010000026008005000080061453790090000400700630000020001030003900000,2.3,Medium
001a6fe413d8,000000000006731200280605017700000003004308700900000006005000400801000302000263000,2.0,Medium
001a86a59d6c,087000000002070005000026040850200000009040100000001052070980000500030400000000310,1.5,Medium
001b34e69f74,370000800001070002000000041000600059000809000610003000820000000900030600005000094,1.5,Medium
001b6e42da91,400006802030000407608007001000784020000000000040593000900800704804000010102400009,2.0,Medium
001b7ef80448,053068090010700300006000008009000600040381070001000500300000400002004050080610930,1.5,Medium
001b9a563495,008607200070090080060508090000000000040901050000364000200040005700000003605030409,2.0,Medium
001bdc129cce,052000000000879000060200030040002008509000206600500040030001020000385000000000180,2.0,Medium
001bdeea6bce,008010030000250800090000027500007040780020015060500003170000090009072000050090300,1.5,Medium
001be3153642,100900030000020005540700009800500060050108040010004008300007082900030000070009003,2.0,Medium
001bf07dc6bb,040200000902050008700481000000012000053000780000530000000325006300070109000008050,2.0,Medium
001c128f5865,100000003080070060006020800304701602200000004010000030043000120020000080801205306,2.3,Medium
001ca4c11f08,900040003000906000002507400006070900005000800000814000090201080000703000120000039,2.0,Medium
001ca735cb4c,500163004006000300000804000010647020000000000050982070700000008140578069000090000,2.3,Medium
001cdbb5ea57,001280400000003000304005207073000001400060002600000980805700304000800000009052100,2.0,Medium
001cf1a97192,009180600040005080800000009010327005700901006500468010100000004060200070005046200,2.0,Medium
001d0de9e0dc,070420300004000107810000040000607004700030006300804000050000083408000900007089050,1.7,Medium
001d22ea2481,000720053000005900000000008040390060300080005010052040800000000004800000290034000,2.3,Medium
001dd8b81030,030000050009807003400010008040230000001000900000064080500040007700903800080000040,2.0,Medium
001e19fda2f2,710002305002000608000081000600004000054000170000200004000590000509000400801600092,1.7,Medium
001e2a8238a7,040090010300000002000708000001203500090060030000409000000506000074000650063000840,1.7,Medium
001e37fd6364,107030502040000010062000930000108000081603720070000050010040090500309006000000000,2.3,Medium
001e5be9102b,000000703703500010080600004000800020300070009040009000100003090070002805605000000,1.5,Medium
001e65cc3006,005001086000207013060080000901000040000000000040000109000070060470506000250100400,1.7,Medium
001eaca31079,867003200200004001040000639000049007000106000300270000426000050100400006008600413,1.5,Medium
001edbb09b46,200900310309000060000463008000095000005106200000320000500679000010000806094002005,1.5,Medium
001f28709ded,005070610460000070300008004003957000900206008000834900500700006030000092098040700,2.3,Medium
001f7a3db0a2,701058302030900040200040001400000010302000409080000003900060008050007020607820904,1.5,Medium
001fb85c7acc,700802900080060007600010508000600000250000089000004000803040001900050030007103002,2.0,Medium
0020715e0acb,007010000000068500038507609023701900560000087004806310305609120002130000000080700,1.5,Medium
002091c7c3d9,040908010003000600005060300000010000020000080030205070400602003300104009200080007,2.3,Medium
0020c624f413,000080005065020709008700020000040008040208010800030000080004900304050260900060000,2.0,Medium
00212bab4ffe,704100000002080005000004301508070030070000010040020607906200000400090800000005109,1.7,Medium
0021302b220f,060301700307008905002005000078000009000000000500000820000700100806500307003409050,1.7,Medium
0021871a5a01,100005024500000300060430000400109500005070100001603008000086070007000009940500003,2.0,Medium
002191abcc08,030705090000109000070000040804000207093000680000403000209000103400000006000020000,1.7,Medium
0021a68fbd60,080000090000090000040208050100000007050703040062904530300070006000309000070040020,2.0,Medium
0021f4328954,000050006003600008007039200006300010100000005050007600001790400300006800900040000,2.3,Medium
0022142f0ce5,409000070000070008008005130000007009040602080200300000067400800100050000020000901,2.3,Medium
0022870d8041,670000000090200000450010000005902700140070086007108400000020059000006040000000017,2.3,Medium
002291999eb9,000000000091080607030007805000005091005000700310600000906100020108020350000000000,2.0,Medium
0022b8b88004,720000095060208040300704002500942007000801000000030000010405030076000950000000000,1.5,Medium
0022ca5573e8,400900580058000002000002000030700025009050100580004070000400000300000290076003008,1.7,Medium
0022ea3c3a33,008030090000907200000006004510000003000724000600000082300500000007309000090060500,2.3,Medium
0022fc9c7a08,000483000030201070000000000907040502400302007200805001095000480070000050000000000,2.0,Medium
00231614160d,005904200000601000400070005600185003200307008000000000040000090380020047760000032,2.0,Medium
0023f0e131a3,019000070000800060000730048003000007090267080600000200130089000050006000040000850,1.5,Medium
0024468f8c53,007300009100080025500006010000200080300804006040001000020600003470090001900008200,1.5,Medium
00245b8c7b50,070000030160090085000401000906000702280000049000070000009080600630010098000040000,1.7,Medium
0024c0e281c3,090805040040000050005609200580060073007904800900708001032000580000302000000000000,1.5,Medium
002537323637,008007000027000060000260079300702100009000700002804005190058000070000950000600300,2.0,Medium
0025375ca88d,600500001080000009004020637000805090010000040020703000198050300500000080300006005,1.7,Medium
002557f979f1,300018500080090306900200000000000063840000071230000000000006005709030040008140007,1.7,Medium
0025d0dcea45,900800100000032049000005200094000000058000630000000910002700000780310000005008006,1.7,Medium
00260e481b82,080003000000480901065029700903000040046000520070000308004350810708012000000800070,2.0,Medium
0026767f75d5,000000000160000049200186005008000500970040086040608070700513002000000000000409000,1.5,Medium
0026e2c1b5d5,000100904000352807000000020000009045012000630430600000070000000204571000803006000,2.3,Medium
0027c66c8f5c,000204000520000073007090200000631000006429300004000100080000010200318007000702000,1.5,Medium
00283123187a,004573600700000001000060000900000007006831900030040010009000700608000209300602005,1.7,Medium
002839ad6a1c,000000000000513067903000000406050010020701040070030506000000409710249000000000000,1.5,Medium
002844c05089,600039800087024000000000001002007305005000200308200100200000000000410730004750009,2.3,Medium
00286024c7bf,007301900130000048900060005000050000203000809000804000000603000300000001800719003,2.0,Medium
00288fb1e9a8,074009000000004008000560007810347600007602100006198074200036000700900000000700520,1.7,Medium
0028cb55f5a6,070500602060927000000010004085000006007000900200000580500090000000351060604008050,1.5,Medium
002901117253,001607300090000060600000008023000450006000800500498002000000000308050701070030080,2.0,Medium
00290a57d20b,000005006800400050000680040400090500005806200007050001060037000010004002700500000,1.5,Medium
0029193dd4ec,450600009006970008000300020000000597040000080625000000080003000500049800300001042,1.7,Medium
0029f530e940,003400100000702000204008709035000097000000000180000540501300904000501000002006800,1.5,Medium
0029f5dd1b67,540070600203000008600000500020097000004301700000680050009000005400000103005030084,2.0,Medium
002a52a8d99e,206050307000003000507006801025000000600000009000000710709400205000900000108060904,1.5,Medium
002ac37de4d3,460030019007000400010000030790856043100307005000000000801000604000080000073604950,2.0,Medium
002aca59edab,930040680050690010000008000041000000005864100000000740000900000010085070089030024,2.3,Medium
002adc1fc2e3,208007006600400083000005002094000300000080000007000860300500000710006008400100507,1.7,Medium
002af1b0816f,000004056700000130004800090000018005003207400800340000030006200015000008670400000,2.3,Medium
002b55e2f5c0,000308000840000027030607010070185060004030800000000000007503400000000000013409780,1.7,Medium
002b7270783a,600030005040000060000107000810000023000000000204000806090010070006502300400673001,2.3,Medium
002b76bd4916,090000060045000830108000405080602010600000007000501000006803700021000640007000100,2.0,Medium
002b8f65c19f,004000900800309005060080030600000008090106070301020604000010000070000020005407300,1.5,Medium
002bfc1aac5c,004020060008400000610087000079008000050000080000500930000310094000002700030070500,2.0,Medium
002c3a913c41,006940070100007000000306001094000806300000004607000250900503000000600002030012600,2.3,Medium
002c43702174,030700005008000047000410093300245006000000000500839001650084000920000500800002070,2.3,Medium
002c6c491923,006200075000985000040000008000506200300020007001307000200000080000672000790003600,2.3,Medium
002c993dac66,004005600060302070007100030600000050100608004050000003040007300080206040009500800,1.7,Medium
002cb6683827,000401000500000004014020680000000000020709060061000930050203010002090700000184000,2.0,Medium
002d70d669b5,000050801400000300028076000690400000080000060000008047000710430005000009903060000,1.7,Medium
002d743c6077,004830050615009000000600000920000040006102300070000062000001000000900287030056400,1.5,Medium
002d8a3beba2,500000007006090300090030080008613500000000000060502030000000000710060024800709006,2.3,Medium
002dbf7d3a5d,009102300230060081600090002000000000801000403070080010000000000100576009700204005,2.3,Medium
002e1632f7f4,000000000860000095030201080080000020700000003590702064009010400000504000000827000,2.0,Medium
002e16929269,200000004007400000004150960000806140009020600086905000015084700000007500300000006,2.0,Medium
002e3e7a7e98,000800070302060000007510290000000308081040960603000000015098600000070504020005000,2.3,Medium
002e833ef487,000306000200040001000090000023000840040050010081000570050030060010507080800604007,2.0,Medium
002eacc81ec1,005000200800907001904802607009105800000030000500000006008020300100070004002000700,2.0,Medium
002ec304076d,080293050002000400000060000008030100000687000007501900500020001820305046010000080,2.0,Medium
002ee254c55e,000000000430000072009080300001908200058000740900504006026090510000010000300000007,1.5,Medium
002ee8647d28,030000090010502040095000860000726000006000200800104003000607000300010008500000006,2.3,Medium
002ef49a6d18,700908005061040290050020010002000300005389600100000007000507000000861000000090000,2.0,Medium
002efe18bc7d,805003020006020070000040003200000000307205806000000001900010000040080600060300904,1.5,Medium
002f56a222d5,504000007070100040000057003001506070007000200050804300100980000080005030400000902,1.5,Medium
002f88ee6160,007000800020901030000000000700000006890060052060594070170000025985020743000070000,1.7,Medium
002f9b005c43,600802005009104300100000004000090000200501003430000057050000010010306020002000500,1.7,Medium
002fa34da987,000020108000001063100700050000032400080000020007190000030004005670500000504010000,2.3,Medium
002fb9481c15,001050700389720000500080002090400200000000000005008030100090004000045861008030900,1.7,Medium
002fbec60818,097200006000004500080000000200180070700000003060095008000000030003400000100006890,2.0,Medium
002fdd165120,090700600006080001100003070005308007030000080800607900080400003400030100001009040,1.7,Medium
00304198aae8,001000400300000009789000351000186000600905003510020096000607000100592004400000002,1.7,Medium
003075552884,960000028010020060204080905700030006000108000800000007300040002185000674002000500,1.5,Medium
0030b4bb4e00,520000060004000358080900004000500030100287005060003000200001080658000400040000097,2.0,Medium
0030db9c6d1b,800000600060008000000604507000400105520080096104006000601807000000900030007000008,2.0,Medium
0030e140f1f0,000030000120050067080201050006010700000602000094000610058000130007000200000349000,1.7,Medium
0030e9ce5a43,060000020408200705090800010000304180000000000073602000080001090105007802020000070,1.7,Medium
0030ed6c1d52,090020001007010000086009000000001030605030204020600000000300820000040900800060050,1.7,Medium
003121294b84,340086007000100009002054600403000010109000206060000304007560900600002000900840062,1.5,Medium
003139db856f,300000060060025970000000300007003008000478000800500400001000000093760050020000003,1.5,Medium
003165d5d465,000308000040020070001796800010000060960000021025000730600000002004080500000060000,2.0,Medium
00319fa4090b,000600050720900080005004900008106095000000000410208700002800500030007029040002000,2.3,Medium
0031b3769a24,000302000810000035000708000006020100020000090409000508050060040070040010300000006,2.0,Medium
0031f4262708,908100005027000060000000080001006090040913050060400300080000000010000830400008506,1.7,Medium
00320aba9403,400000608006700000300040050000574080005903100060128000040010009000007300809000007,1.7,Medium
00320f863670,027060340000209000900050002400823005050040060370000014001000500035000970000070000,1.5,Medium
00327dbe18f2,907050408005309600300000002000145000800090007050000040000901000400000003760000085,1.5,Medium
00328d102b0a,807003090005010400000000800060001070700050008040600050002000000004090100080500206,2.3,Medium
0032a0cb13d2,803000904060000050000178000530000068002000100000040000000050000070090080600201009,1.7,Medium
0032c498dcfa,000008100702300800008601045100900060006000900050003001230509600007002509009100000,1.7,Medium
0032fcace69f,403600500000450000600000004008013400904000307006940800700000002000078000002006701,2.3,Medium
0033b642c696,403000006080000290090504008006109400000050000005607800100702050034000080200000701,1.5,Medium
0033bc037c6f,680000071200607009500000003000376000000501000067000150008402700090000080700000004,2.3,Medium
0033be035872,000602890081097030000030070005000062092000750760000100010070000070260410026109000,2.0,Medium
0033c349b8fb,050100800109300200000000710000750002200060005600028000092000000001007904004009070,2.0,Medium
0033f3a74441,150020089009000400000050000900000006076000530000080000007000900090602040028901360,1.7,Medium
003403e24da1,000059003000000270000723050360000547005030900912000086080967000026000000700240000,1.5,Medium
00340aee1adc,000001500710000000000300104180900005003000200500007089409002000000000028005400000,1.7,Medium
00342975297f,080000030004962800006000900400203001100409008070050020301000209000000000800507003,2.0,Medium
00347cd0dc43,900802006080010030100000007060598010008000600040060070001080900400000002000749000,2.0,Medium
003485c28132,710000084500090002200108006900020008030814050000000000890603025070000060006000400,2.3,Medium
0034db1b70cd,000060000376000820001900076020050000010000040000080050480007900092000165000090000,1.5,Medium
00351a0e84f8,009006070800020500040301000004000030000187000020000100000703050006040003090600800,1.5,Medium
0035a0bc93e2,300000708096300010800702030001090850000504000035080600080406001040005380209000004,1.5,Medium
0036904f676d,006501800000000000900060002000000000501608407827000965030000080002807500058000790,1.7,Medium
0036c9ee5398,000010000302050801800302005700030004004805300600000007009000200026000450500080006,1.5,Medium
0036e7a83e6b,500600040080000000000078902075800003800010004200006890106230000000000010050009007,1.5,Medium
0036e83453ec,080104030001030400304607902007060100030000070068010390090000020000000000010906050,2.3,Medium
0036e8fa9406,030000040000908000809000502006000400020090080000436000080000020092060370073204860,1.7,Medium
0036ed292270,200000005000502000090010030000803000083000570010409060950000016000000000706090402,2.0,Medium
0037e0bbb4a0,005030080000280730200070009903000000140000058000000304400050003069018000050040900,2.3,Medium
0037f3f504b1,000080000200000008304050702703608104000000000090000060000000000400070006030924050,2.3,Medium
00381572589b,005000000708901005000540260090106000000030000000702090017025000500304701000000400,2.0,Medium
00387e1c8aaa,040005000005870004060901507000000020910000086050000000106509070500013600000400050,1.7,Medium
0038ac1b7729,040072003008500020703000000000100079000307000280006000000000902010008700500740060,2.3,Medium
0038aeb641ff,009300005500460820020000310000075000703000508000830000054000030096014002100003400,1.7,Medium
0038e4f32eca,000090000108030209704000803010000080800351007002000300530709042040010030001000700,1.5,Medium
0038f0049024,058001490069000000100200006000025040500000003070130000300002005000000810081500730,1.7,Medium
003910c544c5,001705900000000000590000024180000059605030107000000000000000000240801096058000270,2.3,Medium
0039b46b709b,000000000035402690089000170008000500120000069000307000000000000010050020002169300,2.3,Medium
0039c4bd5d3f,650001480001800030890000005000200800000745000006008000300000057060003100015400023,1.7,Medium
0039fcfab1ed,043000900005004106960000084030060000000327000000080010520000041306200700008000290,1.7,Medium
003a2b3a1432,600030009010070040003010500001000700000481000380000024037000850009000400400706001,2.0,Medium
003a6f508ea1,701340200500602870030000000000400600005090400003001000000000060079806002002075908,2.0,Medium
003a863a25aa,603090018800000000009500706000902100700040003004106000406009800000000002120080609,2.3,Medium
003a91bd387a,020807060000000000000090000103904507602705801970000046000582000060000070200106004,2.0,Medium
003b19ef2a3a,000400000450071000000000146200009003089030260100200004562000000000790052000005000,1.5,Medium
003b97d7e349,380000019007040300006000500040708090009000100820010074000906000000000000100203006,2.3,Medium
003bc9435985,002090000607103000090004006080000531009000600236000040100600070000209803000050400,1.5,Medium
003bd217de52,043020570005000800207000609030000080600809007002107300090000060000901000000304000,1.5,Medium
003be01e1778,008302400900070008000060000006725100000030000100000002810040027307108906060000030,2.3,Medium
003be837bf47,090080700000006109376000500030508000900000004000203080009000672102700000003020010,1.7,Medium
003bf65ec416,500708006008030500040905080120000063700316002000090000000000000030201070900000001,2.3,Medium
003ca9db328d,020079000004000060900010000830000605010802070406000021000030004050000700000190030,1.5,Medium
003cd902cb90,000700000000300174900012060007500009005000800200006700040920008569004000000003000,2.3,Medium
003d04e2d191,000050000012000560470000081009203700300000008600040002003904100000307000040000090,2.3,Medium
003d101dc07e,093080260000309000700010003406000308070532040000000000534000916020000070000090000,1.5,Medium
003d1d57501c,070600400008530000502000630090145003000000000100263090041000308000084200007002040,1.7,Medium
003d873b40e4,035010890000040000400000006000409000009187200000020000720000018006000300301000702,2.3,Medium
003ddfc7b106,000000000710805046900040001029070460000000000401000705040030080205000107608010904,1.7,Medium
003de64369fb,109050407500708002000010000080000010000000000020080030060305070050871040003040500,2.0,Medium
003e1d6eb288,030090010500000007008060400100030004000954000005000200050000060060213040007000300,2.3,Medium
003e3330cf05,000405007306000050070008000000004010903000804060900000000100070080000103200309000,2.0,Medium
003eb750f5ba,016000780004020600000000000000905000080000050090704010001070500870050023400803007,2.3,Medium
003eb82d8037,200030009000854000007090500000000000702000604051906820006108200300000001000060000,1.7,Medium
003f316ace9b,003000100150000074940000083830207019010000020000509000601000507000193000080000090,1.7,Medium
003f45663039,006930010004060009090008005009800007000000000300005800900600070100090400040052900,1.7,Medium
003fa0ac1ea9,000400905253000010090010000000070021710020039930060000000090040070000893309006000,2.0,Medium
003fbe647759,005000000004200500961058000406020009007000200200030607000940752002006400000000900,1.7,Medium
004002e95bb0,014200300009340002300000014000010085070408090680020000940000007100062900008004530,1.7,Medium
004036aaccad,200000000000040070070208003005900630301000805069002100400309060050070000000000001,2.3,Medium
0040448199ff,180304072420000038000000000035000840004010200000000000040209060700040005000601000,2.3,Medium
00409fe94979,006000009700960800500000000609470180020000070071053402000000005003084007100000900,2.3,Medium
0040d8ee7f94,000800004004607000006040805972000140000000000053000279401050600000406900300002000,2.0,Medium
0040f58bc111,000000500000000017000085032900630020307801609080042003690570000140000000003000000,2.3,Medium
00410fd427d6,901200000400008000500070009049800001030000070100003840700030004000100008000009502,1.7,Medium
00411669fbd2,905030000040000690060840070691000000000000000000000986050014020087000050000050107,1.5,Medium
004135de0984,020067000000400002006253900205000430401000809087000601002698300100005000000120090,1.7,Medium
00414dd8ec72,003000070806907000000050019030701050004060800060503090620070000000605401040000700,2.0,Medium
00417b34957c,005200800007069000900050027010000004026080510800000070170040009000190700004003100,2.0,Medium
00417fb2cfcf,206700000003058000590100000601007000030804010000600702000009041000380600000001908,1.7,Medium
00418198030e,008037400001960000900000035700309040480000023010405007820000006000056300003190200,1.5,Medium
0041cd36fb78,069000740750060039300000006000508000076000180080040090000206000600809003890000061,1.7,Medium
004258181565,100507009006824500000901000201000306300000005080000010000000000804000102500216007,1.7,Medium
00429518a906,800000009003000200000845000070106050000020000001050400100000003040010090006907800,2.3,Medium
0042a13b7210,000700020809150000002400570000000456080000090964000000053004100000071903090008000,1.7,Medium
0042ef6dc91b,006504200700206003200080007010030020050000080087000430900020005000000000000813000,1.5,Medium
0042f1fedd95,400500801000000020080300040090003600500906004002800070060002050070000000305007002,2.0,Medium
0042fd3f351b,006000100014070950000060000060849070002107800007000300030000020000415000058306790,1.5,Medium
0043397b4946,060500093000070026030000501009400350000209000014008200302000070740080000980007030,1.5,Medium
004359cfe80a,700001049400608700080000000510304070000070000070802061000000090003205007160900008,2.3,Medium
0043eca5f681,902000306000000000800739005400080009020000040008407500000108000604000902500000008,2.3,Medium
00442a03c1c5,401700000960503000805200000002080400000904000009030500000009805000307042000006309,1.5,Medium
004483f1317f,005104700070020080003090500730408056000602000050070010080060020000000000040801060,2.3,Medium
0044aa1a095c,020705010501000403000000000790040056803060107004000300000070000200010004030000020,1.7,Medium
0044e4942bc2,060000040007405300001963200000738000000040000008000500473000689800000002000070000,1.7,Medium
004503cd60e6,070010006923006010000008020090380000007000900000095040030600000060400152400050060,2.3,Medium
00450d5da4fe,000000807090018050080209006806000003000602000300000504500307020060120040201000000,1.7,Medium
00453045d47d,200000005000000000507010809000000000460020037005769100040302050003090400008070600,2.0,Medium
00453692c808,029000005450007300006002000000700010103405802040008000000200500002900046500000230,2.3,Medium
004549614873,003206100600010009009708300375000648800000002000000000501304806000000000908000203,1.5,Medium
004554d75563,007000030650080400100900005900704200000060000004805003700002008009070012030000600,2.3,Medium
00456f87519c,004020900000000000592000768000000000320000086901030504680000049003040600010206050,2.0,Medium
004584b479b0,002400080400079000050200000800700000519000732000002008000001050000920004030005100,1.7,Medium
004589f49e6a,726040008008006002000080067010902000509000201000401080960020000200500600400060729,1.7,Medium
0045e67cb1a0,020000050004000700060401090000000000000708000970040032045090120700000003002307500,2.0,Medium
0045fecefd7e,000000503346080200090000040000200080600708005050001000020000050008030421903000000,1.7,Medium
0046070a6bed,040070000031800500007060000019608200050000060008502970000030700006009420000080010,1.7,Medium
00464828ec99,005009010360000080000600004400207900000060000006103008900006000020000057070400200,2.3,Medium
004659486ce5,000000080200600390008070005300890600020000030001047008700060100056009002040000000,2.3,Medium
004724784bc3,000610300090005800601000000500070103060501080308090006000000702002100030005047000,2.0,Medium
004736a755a1,700010058100400000005082400009000080801050703030000900007640300000003009320090004,2.0,Medium
004750dcba23,900000012410200000000071098090000300007040900001000080230150000000006029160000007,1.7,Medium
0047b3bd5e91,050060000900000060800107050003500000624090537000006200090602003030000008000080020,1.5,Medium
0047b5027709,071830000000419005000000008050000037980020041630000020300000000800357000000048150,2.3,Medium
0047c2dd92b7,600000001000000000018070960500080003080000040190307086002608100000000000030951070,1.7,Medium
0047e577619d,006790050350000010000030004000908007504000902800502000600020000020000078010087300,2.0,Medium
0047f47e9c0a,020000010000000000580000096009472300010906040000010000040000070700000008802000603,2.3,Medium
00484f34a35c,006000900090000030100702004708000502060020010020050040080030090004609100009000400,2.3,Medium
00487e0c9f08,042000760000000000005872100000308000010605080000000000009000400001020800380104052,2.0,Medium
00488a789a8b,500900001000006400012300800090000308000050000401000070004007930007400000800001006,2.0,Medium
00488ab05111,000000000080000090000245000200010004970050023065000810700090001009106500020000030,1.7,Medium
00490ca2ef68,400070900002004006039500010020000000145000728000000050090007360500600800007010005,2.3,Medium
0049106dcf07,630001502010008093900005000176000000000080000000000729000200001350400070201800035,2.0,Medium
004921994eb8,000000050080002600400076098001790300000080000004065100170530006002600070050000000,2.3,Medium
00492d786329,020307000083040120000080000000003476005804300634900000000030000098020630000706080,2.3,Medium
004949a24d94,000309000000620800072140300200000759069000140743000002008012470007064000000703000,2.0,Medium
0049593738c3,900040008008609300305701906000060000020000090003205700000304000001000600500000009,1.7,Medium
0049d30ecee7,000420090106930400040001080004000027670000038230000600090600050008059302010084000,2.0,Medium
004a71bcccc3,000209000005346900000108000007000600080507020030000080300000006054000310206000408,2.3,Medium
004a90c2dead,360070009005000004007002610004905000500030002000807500026700400800000700700080091,2.3,Medium
004ac26aa4d1,008070300090302060007010400000605000009000100060000090805000607020704010000080000,1.5,Medium
004b1f5a3b30,060020080000000000100805006050603020007000900006207500490030015500010002600000008,2.0,Medium
004b5a2cbb0d,082000560000000000000753000050000030400208001800000006509000302000000000036070140,2.3,Medium
004c2355dd8d,005090800001547600060000070000409000000050000090103050007602900200304008004070100,2.0,Medium
004c58746006,000904000090307080040281060000706000480000036050000070700090005008000900025000840,2.0,Medium
004c6a6a9e94,690270000000000090000000470000040027704109605930060000053000000080000000000023048,2.3,Medium
004c80edfcac,003000700062010580870500042000109200020000010004702000610005024087060350005000100,1.7,Medium
004ca75aaecb,500040003008060900006702400000090000000801000103605804300000009002050700804000302,2.3,Medium
004cae277357,010000020904000306003060500020736090700000003500908002007040900005301200000000000,2.0,Medium
004ce3148752,475030000600000000000400037040100650502000809036008020750004000000000008000070294,1.7,Medium
004ce6ba170c,000700063000310507600000900016500000000279000000004390009000004205037000170002000,2.0,Medium
004d0812aa4e,000300060002000107008002004006980000400000006000046200300600800601000500020007000,1.5,Medium
004de949d511,000194000017000630200000001070859020103000708000703000000000000001205400006978500,1.5,Medium
004df5899777,000170030800300500047009100002000076100080003630000900006500320003002005050043000,2.0,Medium
004e04f58e23,820000056100000003506010709900050008000729000050000040000000000001268500080040070,2.0,Medium
004e7ada0ebb,000070805000402070004030002000023018030000020860140000400010500050306000607050000,2.0,Medium
004ec5f2b7a2,060300800080010069905800300000000601010000020506000000008007406740030090002004070,2.0,Medium
004ed00d26b0,007100200350070000021400000000060300640000091008020000000003510000040029004002700,1.5,Medium
004ef18b52d7,305906708960000042000000000003000400000643000670000091001407900400208007006000800,2.0,Medium
004f053514da,203000805460050029895000163000030000007000200980070031500010004600000002000294000,2.3,Medium
004f7d097494,900032000420059030000000070006000008340000059800000600050000000010890047000570001,1.5,Medium
004f81a613b3,200040008100050007300809005950000026000000000007904300006701500001060800000000000,2.3,Medium
004fa51ed683,000010564007002010190000028000064000200308005000190000940000082010800400682040000,2.3,Medium
004fcbb7f725,040300000000400790000067230500000900100090005006000007071930000065002000000008060,2.0,Medium
004fde940385,035700000000002001010060004006000005501203609200000700400070080100300000000008290,1.5,Medium
00505f9565fd,070000000010300564024008700006703080000080000080501200001900840853004010000000050,2.0,Medium
005116e4d4f6,014000950000080000080020030400203009000000000020104070600000007037000620800605004,2.3,Medium
005132e89a25,000000070740905820082000900020471050000602000070853040004000560017209038030000000,2.0,Medium
0051333a0a6d,083000910004509300050000080800010009000000000000652000705000206036040590000000000,2.0,Medium
00513fd0290a,900207001800000004004010300090000020300000009070982040006309700500000002000128000,2.0,Medium
00514c964f62,080000009009700400300040005008004503070805090403900700800050002006008100900000060,1.7,Medium
005242e5f4a8,200005008034000090007008240605010000000406000000070401013700600070000310400300002,1.7,Medium
0052440d10cd,800500003052000790040908050005201607000080000403607900090705020024000860500002009,1.7,Medium
0052612dfcf2,900000001007604800000030000050000060002109500100000007009000200380000015270000043,2.3,Medium
005279110a8a,009020100084500030200300058000000560800010009076000000740002003020007810003040700,2.0,Medium
00527a531851,000040000080906010009000700040000050100050003006302800300408002071000460000605000,2.3,Medium
00527fbe0f50,000007034800200900000109500060000089020040050710000060002905000006008005150300000,2.0,Medium
0052d3bb741d,000020000000700823400500010070000506009207400806000030010008004685003000000050000,2.3,Medium
0052dcf70685,003000560008030002700500940000600000005273600000009000064002007300060100017000200,2.3,Medium
00537b6f6497,012370804805100030000006000100000000900401008000000005000900000060007402507034190,1.5,Medium
0053a0126004,102004007030002010000060002960030000004608100000090073800040000040900080600800709,1.7,Medium
0053ade8d533,006009350300070200790000006200901000030020010000308002600000024001090003024700100,1.7,Medium
0053c9cc8ddf,018030720007106300090000010040000050800905001009080400000070000005000600730000082,2.0,Medium
0053f072d734,021000007040007600000082500800000370000351000063000002002160000006800010100000490,1.7,Medium
005404a8dbf4,100000009058000230003000500010789020034501780000000000020000070000908000007203600,2.0,Medium
005407366e21,000000100020301060106000900010246080000107000080953020003000507060508040004000000,2.3,Medium
005424d40235,060208070420000083000539000000020000010000040802000301306010802008307900000050000,1.5,Medium
00545bbca871,006700010400030600010089007002000004041000890600000100700850030003090005060002400,2.3,Medium
00549ca7599e,000000000821700004049008007450087010200090005010250078500300860300005241000000000,2.0,Medium
0054b01c708c,120408067000000000980000045000896000801000206003010400050000010460070093300080002,1.5,Medium
0054c570a2b2,500008003004017000000609070765000900020000050003000126050704000000520800900800005,2.3,Medium
0054e780b3b7,000030408040009000300000500008054009600802001500610800007000005000200060802060000,2.3,Medium
0054feb8cdea,025000380080203060900000007530462091007090500000000000000020000200835006050706010,2.0,Medium
00555fc335a8,410080203200600080700102005000065100000000000001470000500906007060008009903010058,1.7,Medium
005594c73ced,006203400300000002087000360090080010600030004000105000800000001000609000405000906,2.0,Medium
00559962dd34,070000060905000304000329000001000600820105049000060000000050000060090030130602097,1.7,Medium
005624b9515c,004910000250000307000072005001000000070106020000000700900560000806000092000029800,2.0,Medium
00569b8fbb22,000020507700000000600890020810050902000060000206080014060035009000000006407010000,1.7,Medium
0056b479e931,000030000000406000108000206300205004850000017060000050005607400900814005000000000,2.3,Medium
0056bf05174f,902000103604208905005000600300070009400000006000020000003000800060807090700431002,2.0,Medium
0056da729d12,700403005003002000000610090350000801002000300109000054080037000000800100600204007,2.3,Medium
0057828534a6,029080160570000089003020500008106900000000000030497010000902000190040052000000000,2.3,Medium
0057c981bd8f,610000059708503102920000074000176000000030000500902007001000600000000000307060205,1.5,Medium
005813b9781e,000070030002600047150000000000005370080264050025300000000000086630009500070080000,1.7,Medium
00582f8a3018,020040930000000580100003006002607300030000020004205800300400008076000000041070060,2.3,Medium
005831365554,400650000010008700030007000760010030004309800050040096000900050001500020000086009,2.0,Medium
005832eac5ad,100732006500000007200060008000000000040906030000478000001000700680000023750000049,1.5,Medium
0058791fa3eb,040006000020000030006100700000005017000739000590800000004001200030000080000500040,1.7,Medium
00588f144453,600400502000800004942600008004008000309000806000300400400006215200004000106009007,2.3,Medium
0058b7f97b07,040030070906200004000019050005000020207000401060000500020540000300001208010060040,1.7,Medium
0058e5f8f510,000000000023401580900000007000000000090208030208090104009806700000102000500070008,1.7,Medium
00599c4b9fc7,040300800030069072700580000050000604094000230602000080000094006920870050006005090,1.5,Medium
00599ea04bbb,503001008000008000009740302670000200008050600004000091907063100000100000300200705,1.5,Medium
0059a9e8f95f,670200035105000000290000700000035000007104600000670000002000056000000309450003021,2.0,Medium
0059c48e61d2,406908501002301600000000000013080260600000008900603007000050000000107000507000804,2.3,Medium
005a47a86ea8,003000700010700009540000008000907005095040670600103000700000054300002080004000900,2.3,Medium
005aa294a580,700801009005209600030000040001308700003060800400000006380020095000000000090703060,2.0,Medium
005ac0408286,860402015000708000040901060000176000090000030620000081005649200000000000076000450,1.7,Medium
005b04d1858e,001400000040050010003001902008102006010060020600705400302500700080020060000003200,1.7,Medium
005b0bec0ddc,100204009000106000000050000010070040270405098004090300900000004608503902300000006,1.5,Medium
005b1ae04b3b,100006700960000200070003004006104028000000000290608300600400030002000019001800002,1.7,Medium
005b4c2308dc,050870900009040020000000800900200308170030096308006004002000000090020400007059010,2.0,Medium
005b4c964640,001000800900000004008102600000010000040070060809000703000704000094806120680201095,2.0,Medium
005b7c5e45cd,340060081002000600000080000605070103901000806400050002000905000083000590000000000,1.5,Medium
005bd09dbf3e,047000190090000030201000807002050700700080009054000320009201600003040900000938000,2.0,Medium
005c32fc7065,200050008000302000730000019000508000002901800860000075003104500006805100000000000,1.5,Medium
005c467d8bc3,000417000000000000060080070090000040100000003080965020800020004025308710030000080,2.3,Medium
005c4cb2c233,100428006000000000480090025706501203020000010000000000007809600208000304000060000,1.7,Medium
005cae797bd6,006002080980000530020003006602040000000285000000030204200400070064000028050600100,1.7,Medium
005cfca98cb3,304060207000100300761005804006000080100090003070000900207500639005009000609010408,1.5,Medium
005d7852ee07,100386007070405030023000650009000500000000000508702106000000000000201000450060072,2.3,Medium
005ddf9e48a1,000000010000900006080076205908205600600000001007608902501840070800001000040000000,2.0,Medium
005df8f1390f,000000000300609007000740016080010060097060230020080050460092000900801005000000000,1.5,Medium
005e2cf1a2d7,300907008902010407060000020007000200000805000500172006005040600200000004090206080,1.7,Medium
005e8cee2a7b,000002000054090000800000106032000060400705008080000730205000004000080610000200000,1.7,Medium
005eec728a50,400860005000000700056103900001090406900306001607080500008605340004000000100024008,1.7,Medium
005f52c9768e,000002030007040806605300000002600004900000008700004900000008309103020600080100000,1.7,Medium
005f5476f645,030702010000000000520010069290308056100000004700601008000000000019030680060000020,2.0,Medium
005f786a4694,670080014000509000005040900700000008000705000021000350040000090200104003006000700,2.0,Medium
005fe80f2120,000526000078000620000804000000951000041000590200703001020030040000000000034000970,2.0,Medium
005ff82373f3,004789200009030700100000004000142000070000020000000000601508403000000000903000506,1.7,Medium
00601f438350,901000008062900030000100096000308470000060000083702000830007000020001380400000602,1.5,Medium
00602cafa051,430009060001002094000010007307008000000060000000700508200040000750100900010800046,2.0,Medium
0060414a0a86,000000100008670000600350820050060001000409000900010030074036002000028500001000000,2.3,Medium
00604b3dade0,037080940080000010000010000020604070000000000005070400210703065006802100000040000,2.3,Medium
00608cd85b57,200000543000000006800300900300760400009000600004018005003006001900000000721000004,1.5,Medium
00614650e564,100009500003500098020070400000000087000218000950000000001050040430007900005100006,1.5,Medium
00617acedb60,052090100006100003100040085000020010809305702060070000630080007500004300007030850,2.3,Medium
006199a37491,000045000098017050000900040230104500180090072004802013070009000050760230000520000,1.5,Medium
00620805e3f7,004605200000907000000030000200000003380000041001000800007804500008000100050291060,2.0,Medium
00622255f461,000040000001000300760000095900010006050302040000604000020105080030806070600000002,2.3,Medium
00622d43ccd1,000459000006000900200607008920000073000040000000502000103000509502801304040000010,2.3,Medium
00622ef59889,370000058908000706002000900000203000090000030030518090700020009001000500020804070,2.0,Medium
0062742c4cce,000400076000052000000900802920010064705000103130080029403008000000190000510007000,1.7,Medium
0062ad1016f0,450006000000000650601009300008062030200070005040910800006100709012000000000600083,1.5,Medium
0062bb76143f,010574020005060900000000000001080700000209000809050204500607003006010400030000080,2.0,Medium
0062c588b761,001600200080090000704000090000010860059408310078050000010000704000040020003009500,1.7,Medium
0062d0145ad0,500000702006009300000540010700000549000307000651000007070061000004800900205000001,2.3,Medium
006307222b86,006907400073000190000010000510070084000189000000050000000405000690000048027000950,1.5,Medium
00630d1b0e26,000369007000008120003200000600000070040080050050000009000007500024900000300642000,1.7,Medium
0063300698d6,000105090023000700100200000090000800200010007001000060000006009009000430070504000,2.0,Medium
00638be0de9e,000508200008010000702904510805000402060000050203000106081209703000070900007401000,1.5,Medium
00639545fefe,000050000000907150720104000002090000107536209000010400000801023089205000000040000,2.3,Medium
0063a521a98e,000080000069000820400603009017000340000050000690030052001090200700000005000267000,2.3,Medium
006416db6483,400000809003940050060800000000061035000000000920570000000008020010032400602000001,2.3,Medium
00641d90a9fd,600210009754360000200000000310005080060801050040600012000000005000076198100052004,1.5,Medium
00642883089f,000009023000020100200607005090006302000801000103200070800705009006080000570100000,1.5,Medium
00642a5916f4,000652000000000000006080300060000080090000040302104709035000620200000008004807900,1.5,Medium
00647e81d570,000340070000900003000007602760000905805000107104000068608400000200003000030028000,2.3,Medium
006484598e31,400600000003087000001239007010900060040020090070001020100372800000850100000006003,1.5,Medium
00648b010873,100003097070090026000002100760000050000308000040000013007200000510070030490800005,1.7,Medium
0064a26cb0cd,000000053000013800364500009700001040005000700030700006900007615006390000240000000,2.0,Medium
0064b8ef0f44,032050810008402600400000009000801000007904100010305040005249300600000005020000090,2.3,Medium
0064c76bf771,000050000056000430180000065008000900010209080900506002060070010701000308000030000,2.3,Medium
00654e0294a6,000809105190000000050060000000670008610000094500042000000050040000000013904207000,2.0,Medium
0065588b940d,089040760000090000420000085260050071000786000000000000000409000830020019050308040,2.0,Medium
00657737d207,005060700490000081001000400000394000500107002000000000000000000260070034030906020,1.5,Medium
0065815879db,030080910000003000401570600600005009008000300300200007007051204000400000054020070,2.3,Medium
0065f131ae18,000000000500743002020000040009251300000000000300489001090108050403020806001070200,2.3,Medium
00662381b002,800600004050004070006390200020000409004030800109000030008053900090200040300007002,2.0,Medium
00665ccf8573,060700000105063000007128000000005002300010008200300000000531700000280301000006090,2.0,Medium
0066604c66c6,010062390096000000703090000050001008000549000300200060000020501000000630082150070,2.0,Medium
0066d37c8426,052000003000601050600040800006850000000102000000076500005020009080403000100000230,2.0,Medium
0066d6d58ba1,520000079047020180080000040005000800000402000070305060200809007000060000906070408,1.5,Medium
00672e0ea4c3,007060000006104700090000068060402070700000001010706080540000020009807300000040500,1.7,Medium
006737a21647,500001000860400350007000009080000035000369000310000070600000800048002093000600004,2.3,Medium
0067ada14820,007020014600008009000500600000360800700050003005091000001003000200100006350080100,1.5,Medium
0067e16e28ab,023050000050800092000004006009401030600000009080309600300100000540002010000070240,1.5,Medium
0068663be9a6,500267003003108600002030700410000076080050010000000000800000001037000950090000080,2.3,Medium
0068a34ff830,000865000500020006040010050000907000607000309090000010000000000910504072085000190,1.5,Medium
0068c484a3b1,008000500300000008076405310200090007000010000050803090000000000001736400040000070,2.3,Medium
0068c5f79f1c,096500020100000005000310006000090503001765800809040000900087000600000008010006970,1.7,Medium
0068d6f59dcd,060000040020080010095106370000020000010704030030000050109503407076000590000000000,2.0,Medium
0068d7e7b1f9,900082000073001006000300100040005020100000003050800060007008000400200910000730005,2.3,Medium
0068db6eec9a,701000000004016700590000000009070260400501008072090100000000087007150600000000503,2.0,Medium
0068dc147894,604008900000002408000090500052800004080000070700005820007080000401500000009400203,1.7,Medium
00690f53a980,048050670070000080190708052000643000000000000706000304009000700000501000004030200,1.7,Medium
00692a6f0b00,040000090000263000502090306200708004000000000080050070000419000003000100600000008,2.3,Medium
0069ad64f15f,600400508000020000209850400000000901026000830708000000005042106000080000401009005,2.0,Medium
006a294621eb,400020700000306200000009004060000310010080060054000070600400000005801000008070009,2.3,Medium
006a47eac691,800460003000000057090025800030000798000000000276000030002170060160000000700059001,1.7,Medium
006a4d5f3ca7,200500903000094061003010000030001008090000070100900020000060400420730000801002009,1.5,Medium
006a7b7ec22d,000406000801000906005000100000020000320507081057000620060000030000040000403000807,1.7,Medium
006aa099c0bf,000000000039601850000302000060000010900000005174000938090000070300070004087030160,2.3,Medium
006b0f66c295,100007000697005010003000006050800000009572800000001040800000600020300458000700002,1.5,Medium
006bbbee1942,020001070800700006007029300906508030003090500080203604009380100100002003030100040,1.7,Medium
006c1c271432,067001020108300005000000046200705080000000000030809001620000000400003602070600950,2.3,Medium
006c1f3d891f,000080400004103000100072030068000020205000904070000680080520006000308100002090000,2.0,Medium
006c24445860,050600100000053002302004600085000006090000010700000250007900504400580000003006020,1.7,Medium
006c8fafcc77,800340000309000000010806390004001020000682000030700600043908060000000105000053009,1.5,Medium
006cc3b679d8,050020070900000008100070006700000003600187005000502000009050600010000030370060091,2.3,Medium
006cc86cc431,690000208080002093500003000019060000000908000000040320000700002750300060902000071,1.7,Medium
006cef6e841a,300080002290306047080000030000835000800000001950010084000702000500000006009000700,2.3,Medium
006d0570f8eb,005020100009305700860000034000107000034000870000090000010030080200906007000000000,1.5,Medium
006d674efb16,020560030500120009000003000003902087740000023290306400000400000300059008070081040,2.0,Medium
006d8c632fc2,000670000008000400097005620009020001500804006300050800026400780001000200000082000,2.0,Medium
006d8d42ff80,090408020280090017700501009040602030000000000600705002403000608900000001000107000,2.3,Medium
006da4f55f97,000903000030517080009000300047000130300080004060000020700030008600000005001205700,1.7,Medium
006dbc52471b,500020001140000073600000005200090008000070000008000700006000300002705600050632080,1.7,Medium
006dd0fdb364,040090050009000400700000002001805700086070310400030005008301200100908003600000001,2.3,Medium
006df1c98a44,000000000360000094050264000403080950000030000028050103000597010570000068000000000,1.7,Medium
006e15fb5d7f,000070000050208030004603500001000700006359800900000005008000200000406000063000410,2.3,Medium
006e4481b883,000190000000007051010004600054003200000205000002600470007800040830400000000026000,2.3,Medium
006e86cf60a6,020000090410000056009040300500903002093000710000070000130000028000010000005208600,1.7,Medium
006eacceb30b,004200010093501800000600500308000000060178040000000105001004000006805470050002600,1.5,Medium
006ec3c8df4d,000502000000000000350401087002050800700000006005906400043000910001000600060080030,2.0,Medium
006efc3dd311,070000620004009000080070001005004800008215700009700300800060090000400100096000080,2.0,Medium
006f0bb6d346,000000800205000091040001670080042003000905000500170080028400030410000208003000000,2.3,Medium
006f51bbca88,506000000180004070002057300968000040000000000040000726004980500050400091000000604,2.0,Medium
006f9af1288c,400620010000010280000500600040700901100000006702003040004006000068090000070085003,1.7,Medium
006fd8fadc01,007600090004807000052100000300000080500709003040000007000006840000304700060008900,2.3,Medium
007007c4a28a,075008100006000005300045072507080000003402500000050207460530008700000600002800430,2.0,Medium
00704d3da31b,780400005000005008006073900061000002007000600200000150008250700400100000100008043,2.0,Medium
00705ef9cedf,051700000000031005006004102027000001060090040500000620603200400700410000000008510,1.7,Medium
00706d9c0c44,600190004000002000002675800054000103806000507103000460009456700000200000200089005,2.3,Medium
0070c4fff17a,000000000000193000160408029250000013700010006000207000609040105070000080000501000,2.3,Medium
0070e0c1f572,107000800080703000000010027960020500700000004008030061270050000000401080004000106,1.7,Medium
0070e2d4a8cd,000000000390000064260050039900807002040502010000000000000070000503109206709000503,1.7,Medium
0070efc5ddd9,100080076850607040000900000090208430600000002032105060000009000060801054510030007,1.7,Medium
007103f02f23,208600403007005000600007085079030004000804000500070630790500006000400500405003809,1.5,Medium
00711a9f2dcb,684002000000006009300070000030100090406080201090003080000060002700300000000200678,1.7,Medium
0071546f248b,000000000504000206160000089700102005900000001005000700000309000023070890090060070,1.7,Medium
00715f93d603,150000004090070035004900800000103700060000040001208000003007500570090020400000017,1.7,Medium
00719aff6012,230000094800000007005206300060050040000000000070080030004125700050307010900408003,2.0,Medium
0071a146997c,900060003006008700010500080090206800300010009002809040070004010003900400100080002,2.0,Medium
0071cc20bce4,900000004800000003030298010000000000709000602210906048300579001020681070000020000,1.7,Medium
0071f41052a8,010000040000604000005703900800000001026000780000968000080070050009805100073000890,2.3,Medium
00720063a112,000700040701040000006030820000406002054000970100907000039070500000080201010005000,2.0,Medium
00723ae85fbe,039050160000030000000974000000205000095000240004010700070000020300000005980000076,1.7,Medium
00723e65c2f7,010020060000903000002060700090000030507000806300501007800406002000307000005000100,2.3,Medium
007268f0dfd0,000000000040030010800060003000402000200305004430000071070000090090000060010806020,2.0,Medium
0072947bd0d1,090000040703000601080301070007060500000108000008050300070205080201000907060000050,1.5,Medium
0072d47046b6,000470000060089040002003900056308009180000053300506420005900800010730090000061000,2.3,Medium
0072e8177f78,008007900902086074760040005000090002004000600300060000800050016240630708006800300,2.0,Medium
007375032e8f,600090001003270600010630020000000870789000514042000000090063050006082100400010006,1.5,Medium
0073adcf11ac,900000000003650009020908750637000108000000000509000372071506030300014600000000005,2.0,Medium
00747e41870c,900500073500003000001040500090108005007090200100304060008030900000900002650002007,1.7,Medium
00749afeb54c,007419080000000040004000900640008005000040000100200068003000700010000000070695300,1.7,Medium
0074c0678099,000056070140082590020000000950040000460503028000060054000000080082910065010630000,2.0,Medium
0074c13a137e,000005090054000200060010008800200900205308106001009004700090060009000780010800000,2.0,Medium
00751ac10d53,670000003001073008008000670090701000040050060000409080062000800400130500100000094,2.3,Medium
00751bd27452,600305002000010600098000300400070008060401020900020006002000810009050000100709005,1.7,Medium
00753b188bda,601080007002050000000002086003908000290000063000304500160200000000040600700090105,2.3,Medium
0075477547f6,230400000006000007018000630000002375003070900972500000064000590800000400000001068,2.3,Medium
007589d467ec,050000080000010000004509200080703020046201830009000600930807046070000010002000700,1.5,Medium
0075f462f2f9,089600020007302090000000035000030700000247000001090000240000000030705100010009250,1.5,Medium
007627b52039,350010028000000000160000097500901002081402630004605800000000000002358900600000001,2.0,Medium
007675f6640b,900504003030107050000000000080020030000000000570806091010602070600000002043000910,1.7,Medium
00005f662e09,080200400570000100002300000820090005000715000700020041000006700003000018007009050,3.4,Hard
00009e4900fa,600050007030000000080409200015300000008000300000007590009501030000000080200070004,2.6,Hard
0000b2c3fc62,210950004090060037000700000000000308920000015805000000000002000680010040100047096,4.3,Hard
0000d2fa4f03,024000650100000007008010900000000000260090083080501070600903008002854700000070000,4.1,Hard
00011fedd787,000050000000206000064000390045000810000020000000107000053000980090804060100030004,3.0,Hard
00013f7e562a,108500406000070900530004007001060008090408070800050600700100069006080000904006205,4.1,Hard
000160237251,970306042805000109000050000207000304010020080400738001000905000000000000100847003,3.2,Hard
000175e5f83b,040000000086100034001500260000305840000040000058902000095008300160009450000000010,4.0,Hard
0001767b888a,045900000000710205020003009008301026010000050360805100200100030801057000000009510,4.0,Hard
0001786dfc8c,900801005000607000870000069490000057080000020000375000040000070008060900109000603,4.5,Hard
00017be70287,000006007007050000054090100090304080003060700010907050006080410000070900900100000,2.6,Hard
000231f9f9eb,000000000003702800060354090089000160070645030000000000040000070200506004000010000,2.6,Hard
00023f11679e,060050030000306000007000400030000060014020790700000001000000000900147005051609870,4.2,Hard
00026b82b6d3,103600400590001008000200000809020000207080905000070204000002000600800039005003802,3.2,Hard
00027b37be71,500000001020600700780005000904001008000908000200500904000300017009006050600000002,4.2,Hard
00029205ba34,300005007010030590020008000708000000090000010000000902000900040032080070400600001,2.6,Hard
000297080c70,600040001030008700009700000003096000906000103000120500000002400002400080400010002,4.5,Hard
0002fd0d447f,200010007000207000050000020005020400001549200300708001070804030000000000630000085,4.5,Hard
00030269ba02,200040003600239008000000000029000530850000016006102900070805060900703001000010000,3.2,Hard
000354bb935a,869000312020000080070108040030000090700060004001902500000836000400070003000010000,2.8,Hard
0004145d74ed,780000021960050084000000000300609008097080130100030006030806010006201900000000000,4.1,Hard
0004176c8af1,024009030000600974000080020001040000207050809000060700070090000539006000080100290,4.4,Hard
000471cdf93e,600589002030402060000070000000000000102060904006050800800040001010000070750020098,2.6,Hard
00048ced7f79,030000200001970603540002080002000090010090030060000800070800029205039100006000050,4.4,Hard
0004d93c5158,030000080000791000005000700004080500001204300200305008002508600000000000503010809,4.6,Hard
000506ef56fc,090000006006890000203706090100020000054908320000070004020607809000035600300000050,4.3,Hard
000530e59ae0,013090460800000005000040000200000001970010043060705090089403710000000000000678000,3.6,Hard
00056e1e5b20,400000007006030200005702900850473026000806000004020300003209800068000590000000000,2.6,Hard
000605330c87,490001300060009008007380090080000700036070520002000010010047900800600030009100087,4.3,Hard
000654a43039,000000000305904601040010030200000007007163400000207000020801070806000302009000100,4.3,Hard
000682867e63,300006085970028030005000900790802000010000090000109048007000600050360072640200009,4.2,Hard
000694f16758,570060003030005060601007000053000001000080000900000270000800402080100030200040019,2.5,Hard
0007248076f2,040000590890500062305002800000001040006090700030600000004700106680004057073000080,3.6,Hard
00077de87893,004009300010030050800700009006800020005000700020007900200004007040050060001200500,4.4,Hard
0007bdd60a2d,000500601000030700000070025300005290020000070058200004810090000009080000602004000,2.6,Hard
000830f0e60d,000709000200080003070204050800000001000501000160070045050000030030000010604090508,2.8,Hard
0008464e6a63,200900000800503000054706002008000009097000420100000300300105890000802003000007005,4.0,Hard
00087d69ad66,005040009420703000003805070000000006040157020100000000060408900000201087200070600,2.8,Hard
000890636a07,040137020007809400800040005090703050630000047051000890100070009000080000000906000,4.2,Hard
0008d6f7974c,057038000006100207000090000630000001070020060500000034000080000205007400000910370,2.6,Hard
0008ec54cb22,600185009000000000590000087800000003000704000054020910080203090460000031007040500,3.2,Hard
0009232d1de7,000000900020041060609005400014507000050080020000106540001600203060750080002000000,4.3,Hard
0009243bc86f,207060008006007300040020017020103000603040501000609030530080060009200100400090803,4.4,Hard
000981d4f7e8,031020960000060000600301004960000083000000000000953000405000609080204030020506040,4.3,Hard
000a0989e86e,004000500086000420520000068003000200200178004000306000002010800010000050408205906,2.8,Hard
000a0c434c50,300050007010702090000080000908305102032000640005000300090507030700000006000206000,4.1,Hard
000a13ffe328,000600907000000300704300200040507600060080010001406020003002806006000000102008000,3.2,Hard
000a53b8f002,000102600000050290900006003300600900100030008007008005400500002026040000005203000,3.2,Hard
000ad59f2fc5,000801000005064100060700080250000403090000070406000012010009020002570900000103000,2.5,Hard
000b0a6178f6,900050003000697000000000000007805100020709050300000004200000009006000400409103608,4.4,Hard
000b50e7dbf9,001000400509030108600801002320000085400506007000000000800403001040000050900010004,3.2,Hard
000bedf2eda3,900160200000009508001050906000687002000020000200391000506070800809500000007018004,3.0,Hard
000c22a8c15a,000000000940301076800020003009706300081000960200000004000509000090040010005000400,3.4,Hard
000c25aaa18a,084520000000007000306908000200600800065000740008005002000106508000200000000089230,4.1,Hard
000c31272c83,600704005000000000900268001020000090004030200007000600060040050000020000300906004,3.2,Hard
000c64b0cb85,306028010100300000040001060800000000200867003000000005030100070000002004050670208,4.0,Hard
000c69cd273e,200090003040807010030060050070305020002406500000000000700000008409000201000102000,2.6,Hard
000c6b4c8617,700003801050087090800000000140802000070090010000105029000000006080710040605200007,4.2,Hard
000c97d948f0,009603004010700080400080003000000641005000200164000000600010002050002060300407500,3.8,Hard
000cb0ff8433,040000060000635000003000100005409700004702600900000004000204000300010008016000570,2.8,Hard
000cc65cf372,300000020064500000000901604010007300700000001005800090501603000000002810080000002,4.5,Hard
000ce5303570,000002708700004903020800100000080096000050000830040000003006010906400007502300000,4.5,Hard
000cf9265b56,060040030070090080001000500006102800100000002080304060700000006019060370000010000,3.8,Hard
000d0aa02b77,009003000710000000800795300050009800207000906006500070005812009000000042000900600,2.5,Hard
000d2f07197b,100500009054007010000040070070010004003829700600050030020070000030400160500003007,4.0,Hard
000d84fab6da,000800000102040080006200307200160000309000102000029004605002900090050203000004000,3.4,Hard
000dbd2c44cd,009001300852030070300007000040920003090000040100074020000700002030050498004300700,4.1,Hard
000e107f7348,200000056800000000040620000502480000100000005000095308000046070000000003470000001,4.3,Hard
000e3e6c5406,008300009090000200100080047005094080400000002080560400850030004003000060200008900,2.8,Hard
000edbb50abd,910600803080003076300000000090030001000507000600040030000000007570300040203006018,3.2,Hard
000efb4991db,012000000503000006060041020900000070050824090030000008090570040100000903000000580,4.2,Hard
000f0cb2ff75,000000009014500060706400000000005040609308107070600000000007508080004320100000000,4.2,Hard
000fad64b254,010084092004000800503000000000090050000706000070030000000000109008000700190370080,4.4,Hard
000fd8eccf00,070000020003000700100805009050030010002000400400060002004607500000010000010254060,2.8,Hard
000ff41a14d3,000620030082005090530000060007098000100000003000140900050000019070200640010079000,3.4,Hard
001048897bbd,000403100370090000600070009000000415009000700842000000100050002000060081006201000,3.0,Hard
0010570addac,200090004040608020009407100010030050090060010605000908054000690000203000000000000,4.2,Hard
001060ec8326,000802300400000050007000129090405001001000500600903040534000700010000002002304000,4.6,Hard
001091096d10,080000700030670048605000200000080070040509080050020000008000401760094020001000090,4.0,Hard
0010a96587bf,003108500060000020000020000630000054082000960005000300906734102800050009000906000,4.6,Hard
0010f055a8fd,003000100208050903060000050700000005006301400380000019000030000030907080609020501,3.2,Hard
001141e161f0,800060004071000650060080070000509000003000700056000410200806001009000200000192000,3.2,Hard
00115ce10987,302109508000803000000020000007406200400000009000985000030000050078000120009502800,4.6,Hard
0011cc57c7cf,004000900090000030201000507800000004002641700007000100040508070003207600700000001,4.1,Hard
0011ed64d337,000620941080400000400057000027000003004000500300000270000590007000004060976082000,4.1,Hard
0011f4767d7c,000300700060009084001002000018004030300000007090200140000100400520800090009006000,2.8,Hard
0011ff6246a7,050600200002800003700015090006000017005000900320000400040920006100006500007008040,4.4,Hard
001209657d1b,098006000500070108001300040049000050000090000030000920010007400902010005000600280,4.4,Hard
0012184140f1,000401000003000900061000240007090400050000010008703500080030060100000003500020004,2.6,Hard
001242bd12a1,000400605006090030014080000240900703000000000907006024000040350060010800405002000,3.2,Hard
001265b26bd2,090000040500206003000070000002307600700000002064010730900000007001708300400020001,4.2,Hard
0012e6a9858f,010030087806005040070100603002300000000050000000009400705001030060200705120040090,4.0,Hard
0012f9a961bc,064020080001060000900700001000600009300401007100002000200006004000010700080050610,4.2,Hard
00134b9f14db,038401270040030060000000000005080400290000038480090051070000080020050040000749000,4.1,Hard
0013a3485e12,700000009000509000002146500000000000097000850004802900009000400800324005205080306,2.6,Hard
0013c446db3f,009005010003004005050100608000807200000000000001302000107003080200600900080500400,4.0,Hard
0013ddc0cc28,000040000008910400090608030007206840830000012049107600010805060005061300000020000,2.6,Hard
0013fa9c3a5d,038000720004873900000000000302608104000000000045902830000000000070104080050020090,2.6,Hard
00141209de66,304801607000375000000000000050904030600080001038000790000030000080609040006000900,2.5,Hard
00143a0f2856,080926004509008000000000003006010000070409080000080100600000000000200601900361070,4.3,Hard
001449d2224e,900080000034050000008600005007039006010000040200460800600008400000070130000010009,4.4,Hard
00145ffd714b,600403107000000000500900430060008070002090300070100020028009005000000000401802003,2.8,Hard
0014ac2d49ce,400709003070305060020010070010834050000000000600000008500080001038106520100503007,4.4,Hard
0014b6f9098e,039000510000010000006907200400000002000000000057801430000604000310000067090000020,3.4,Hard
0014cae36c43,109308002080705040000000008320000015000010000650000094400000000070106020800904607,2.8,Hard
001563562591,800000007090072300003005000010000004509748201300000050000200100006180070900000005,3.0,Hard
001575cd0914,003000400000080000006712500400000001300000006062000940790204085020108070000070000,4.5,Hard
0015c531fe8b,000000460000670809026080003085097000000030000000860210900040380803019000047000000,3.2,Hard
0015c9945dba,390800041106000002000120070000040705003795400507080000030018000900000803820003057,4.2,Hard
0015cd3c572d,009006070802901000000003052638000010000000000040000386520300000000502608080100700,4.5,Hard
0015d313ca32,400000006005368100170000053000634000000000000060597040000000000029010460010405080,4.3,Hard
0015d55a6ec4,900800000750000000081690000073046005002000600500970420000018270000000064000002001,2.5,Hard
0015eba81619,000008906060000000980004572009001730500070009043900100876100093000000060304600000,4.5,Hard
001617ef5eca,048070120000602000000090000000040000309000402060000070001709300400503007530060019,3.0,Hard
0016824337ab,709020000030906000200040003170000500090705080006000024900070002000201090000050406,4.3,Hard
0016e1de3a3f,500070003000000700012049500008907000105000908000102600004510390001000000600090005,4.0,Hard
0017414e4a0b,500000006000201000001680200090107840002000300046302070003028900000509000900000003,2.6,Hard
0017643cbd8f,060495020000020000000603000600907008050080030008060500500000007107802405030000010,3.2,Hard
00177ad7b1e5,004000390120000000003042806000053089000201000310860000701620900000000038045000200,4.6,Hard
001788f67496,400000008090030040806201507005000700000305000200080009000070000024000170508000902,4.5,Hard
0017b88ee30a,010000060006010500509000207002409700000060000080000040000907000400000009071040680,2.8,Hard
0017cd1b2d15,900070008000109000000080000000207000830000057700608009095000170417000893002000500,4.1,Hard
0017ed4cd231,803000604009283700000060000701000206400000007000509000004030900000601000020000060,2.8,Hard
00189ac1093a,000600010080520079000340208000002090200000005010400000703065000690037040020004000,2.5,Hard
00189ffd5495,000307000310000074000429000030000010901605302000090000003000200400000006600258001,4.0,Hard
0018ca45e716,800006407000900000200083000103208060006050800090607203000430001000002000604100002,4.1,Hard
00190891bf94,000210500010000030000305740031060050050000070080090120068902000070000080002031000,2.5,Hard
00194e0c5410,300800005020900040006014300009000083002000500530000400007340600060009070100007009,3.4,Hard
0019512cc4ae,000045020700190000040000900004320600093000780006071400008000040000017009030460000,4.2,Hard
0019ee2d4947,000407000052000800100080030306190070007000900010058306070040009005000160000906000,4.5,Hard
001a0e2e8147,200006000307050000000709050073060080800000006090080570040308000000070803000100002,4.3,Hard
001ab4dbf0d1,290005006008001309016009720362000000000060000000000962075100240601800500900500081,4.5,Hard
001addb46f4a,600020009004908700200000003016802370400107008000050000020000040008000900109304507,3.0,Hard
001addf626a9,400300058250400310080100000000000673000060000764000000000004080013005064840001005,4.2,Hard
001aeb364f04,020701060050090070800453001090805040080000010400000003018070420205000706000000000,2.8,Hard
001b00a48d21,000570006430000007006000204000001800010080040008200000901000700300000015700019000,2.6,Hard
001b52ab2949,000080060860500400004000705008700000009801200000003100902000600007006052030070000,3.4,Hard
001b6f754d1e,003102600000400018000060002000600021200070006390001000700090000530004000001307400,3.8,Hard
001bc7f7f212,050010002000402100009300400806000003100000008700000209008003700002501000900060020,4.1,Hard
001bca59426f,050000200403000006006005001030006090007020500010800060500600400900000603004000010,3.2,Hard
001bdbeaed98,006000700000709000008103900400000002800205001603000405040010060100000004002604100,2.5,Hard
001c145e1ccc,001573090900800000000091007604000073708000501390000602400360000000002004030149700,4.3,Hard
001c2d88108d,005000800400000001710000053000000000000264000300805006008010400520407019100506008,3.2,Hard
001c5148b70b,000002043008004200200607090007300060040090030050008400010809004009400700460200000,4.1,Hard
001c9afdcd2d,000701060840000070007040300300904007001080600400607001008030200060000084020805000,4.0,Hard
001cab75abea,010028073080007000000000800000003190090040050032800000009000000000500020670180030,4.0,Hard
001d186c6bdb,002008007000000080050690032083000064005806100260000890570069040020000000600100300,2.6,Hard
001d2b46c953,300206007090407080001508900000709000030000060020000090900000002150060073004050600,4.6,Hard
001d944bece0,006947100030000090001000700000020000070050030302000408000504000169000584003010900,3.2,Hard
001d9997b684,041000000060500041000091006009702080007000900030908600800270000390004050000000860,4.3,Hard
001db980b29e,006000100150000086400000007070090020300608001010207030930020015004509800000000000,2.8,Hard
001dd68741f2,000974000017000840000000000203107904000235000000000000700306001640010082030050070,4.2,Hard
001e4b90daba,002040006600000500040005007050800703700306001306007020800100030001000009400070200,2.8,Hard
001e888e1388,040209010100000008000541000900030004020010060000607000003104700410000093000020000,2.5,Hard
001ec53609c2,090407060507000908000903000300040005700208004080000020065000730000030000140000056,4.2,Hard
001f0d62109b,095000810010306050030000020000892000000145000002000500000000000003020700079000460,3.2,Hard
001f28d8cfad,090507030800306002000010000000050000004000300020603080003000900002408100501000806,3.6,Hard
001fa2d0c920,420076000800009020001020060060000500910000043003000080080090300050400009000560078,3.4,Hard
0020190772c7,603007000000910060018200000701000500530000047004000906000001350020089000000300608,3.6,Hard
00204f1a9445,020601040009000800001278300004020600700000002000435000200000009007060200400000008,4.4,Hard
002060097215,004080000080730240020600003000000670810000025052000000500007080068015030000060900,2.6,Hard
00206657bd45,074009001050610000130000000200001008001050200400200005000000079000084030300500480,2.5,Hard
00206df57ef4,080200040620000093009060200000103007003000400100807000008090500960000028040002030,4.4,Hard
0020943fde21,000400070300001200057068300086000002003040700900000140001670820002800001030005000,4.0,Hard
00209c04a5e8,400201006076000230001070500590000042200090005030000010000926000960000027000000000,2.6,Hard
0020a196298f,004895100000070000800000003450000012007000800090020040000702000700503009600000001,3.4,Hard
0020b94099f0,000603000003209400000040000031000290450000071020000060240000089000050000600407002,2.5,Hard
0020df34115a,000050080470300050000471000001000530906000804048000700000265000090003028060090000,3.0,Hard
0020ead33842,000010650005007000090084000903000040040000090080000102000670080000200300076030000,4.0,Hard
0020f266f891,010000000008170009009500720000090360070206080046080000024009600600027100000000070,2.5,Hard
002149670b40,060004900040260017700900000600040350090302070053080001000001005510026030006500080,4.1,Hard
002152cc38bb,050801060000040000003902400005000300410607092030000070040000080002406100000090000,3.4,Hard
002153c985eb,003000700010070080000304000208000601000506000090203070000000000040090050906000102,3.4,Hard
00216124b9cd,000060000000407000060531090620904018070000060850010034010000070005000600706000502,2.5,Hard
0021b2533e8c,400009000600010004085000960000430008007050300500092000012000650700020001000600002,4.5,Hard
0021f08ee6d7,008000500020805090000106000705000203060070080000903000510307028002050300030000010,4.5,Hard
00220d73e6a8,050016000010002095008400700560000100300070004009000053006004200290800040000260080,3.0,Hard
0022610692cc,000090001005000060140280300009870020700000003030029100003067015050000600900030000,3.0,Hard
0022ba40f573,003000090580700030020800000000547008004000200800912000000003010060005084070000300,4.2,Hard
0022d11c8df1,809401607007096500062000010005304000000050000000608700090000170001740300706103905,3.8,Hard
00234130e28f,080060070200405009000803000600000008390248017000906000002090100006000400900000003,4.5,Hard
002356e4a143,000800500085300020900007010003060085000905000650070400010700003070009650004003000,3.2,Hard
002387785f3a,020000760000200103000816000874003900000000000009100857000345000903002000065000020,4.5,Hard
0023b1a21788,000435000200701003006208100001020700700000004050000010010000020072050430800302005,4.1,Hard
0023ce6447f1,006001400090580000102074000000000013403000908610000000000320804000018050005600200,3.8,Hard
00240ceefd73,007000090400000180000205470500062700000030000006950008085301000091000007030000500,3.6,Hard
0024186c96ec,000005010000603008000000540080700090309504801060008050034000000600401000050900000,4.6,Hard
00245544437f,020000060050901070001000400190804025000030000047000310008000700000040000010702080,3.6,Hard
00245d53624a,070003000020400875040180000900030520003902700086070003000061090162009050000300060,4.5,Hard
0024f639c586,053000640060708030100050002000060000700000004030804070006010700000609000005080100,4.0,Hard
0025aa8f13b7,601050004030940260000000000000503607500020008307406000000000000089065070100030502,4.1,Hard
0025e04e9c13,500090003070060020039752680003000200200000004040000060000010000804605302007000900,4.4,Hard
00260da7acf7,010000000200060704000071230700000640009050100051000008073410000804090001000000060,4.0,Hard
00262140b4d0,004005000010900340080002009705080020000203000090050801300500090076009010000300700,4.1,Hard
002668779c4c,205700001000201900060009003071000038000000000350000620600400080004802000500007104,2.8,Hard
00268167cdc6,020003000001985002000040060780000020043000670090000045010030000300496200000700090,4.5,Hard
00269b868bc5,002007000860529000100006020000000159200000004619000000050100008000645013000700400,3.8,Hard
0026f514885d,000060043013000600706400000005620001000705000600094500000002907002000360390010000,4.1,Hard
0026fd23d77c,600057039278090050000400070500000700360000091002000005020005000050040916480610007,4.0,Hard
00270103649c,000805476804000000020600000001007004300000005700900100000003020000000801278104000,4.3,Hard
002753ea978a,620010075001605400000307000080000040700000006003050900200060001004000800000201000,3.4,Hard
002783db8b44,006030000000810600070400003000060240460705089092040000500001090007082000000090800,4.1,Hard
002791a88db3,002014000000307000004600201490000320200030008078000015806009700000206000000850100,4.5,Hard
0027c76353e8,700040001604000908003000600000219000500000009030000060100806004008705200070000050,3.2,Hard
0027e79c47e5,000020000008501600000406000080060090200070005000802000120090086040000070509000203,4.3,Hard
0027ecbef5ff,240093000700000000003500010008007051100305006960800700010009300000000005000150064,4.0,Hard
0028487a8ff0,900400006001026300040000020010060005030704090500010030020000040004190700700003002,3.0,Hard
0028550ae535,000965000003104600090000010080307050100000004009010200008000500700090002000248000,3.4,Hard
0028d1caf12d,060040210000600004005000600400008790009000500021900006007000300800003000093010040,3.2,Hard
00292ab34267,020008600005006007900700010610907500000080000009405061030002008200500100001800030,3.2,Hard
002959548e2c,000000000706308905004675800097030650058902710000000000009000100000103000010060080,4.6,Hard
00296a6f15fb,400128005050004080001900400740000609200000007109000024004007100080600040300492008,3.2,Hard
0029857cc161,100060003038509410000000000000000000400901007065000390200000004570000086000408000,4.2,Hard
0029d4724d88,180000053002060400500000007600000002008906300201308605000050000400000009005734100,2.5,Hard
0029ffede74e,000275008080000040200008009000000870600507003097000000300600005010000090500893000,3.4,Hard
002a564f7ff8,080020070000000000706105403900302006400070001013050290040000060200408005000030000,3.0,Hard
002a654d01a1,800000006050000030001402700406030201010000060070010090080601070000308000700905002,4.0,Hard
002aad96782b,700501008030070050020968030000315000900000003001020600009050400070000080410000097,4.5,Hard
002adeb7837c,058000970030209060010030020000857000040901030001000700000070000023000510400010002,4.0,Hard
002ae7646e11,010004600000000109006070800960020000100000003000050026008010500701000000004900060,3.0,Hard
002b41e1acb4,000000000040901020900352001003070400170000096805000207010407050000283000000000000,3.6,Hard
002b6afeda07,700020008000504000002000700070108090205000601400000007009000800160090035000356000,4.4,Hard
002bb6ca9a6d,306090000010500000050760090900100430062000780037009006020048010000007020000010603,3.0,Hard
002c3c8ba06e,086090230007508400000000000004000800020070050500000003000050000905804102260000048,2.8,Hard
002d1f8207bf,004500070720006040009000203030080002000205000200010080402000800010900025050001900,4.3,Hard
002d835f32a0,000218000420090015000000000632000184900060002050802060305000408001924500000000000,4.1,Hard
002d9934bc69,280000014000000000605000903010080090090406030006030200300805009960040027000209000,2.6,Hard
002dd51091b8,300540070006270010400000000060300500200090003004002090000000002070025400090086001,4.4,Hard
002e16388b35,004700300003000987000900001060594000090000060000326090700009000825000100009007500,3.0,Hard
002e6cce5a8e,020000080305000104700060009401000803600103005000070000030706010000000000900428006,4.5,Hard
002e781b2d6e,008030010600070200010200003000804700450000096002507000300002080006040001090080400,4.1,Hard
002f1c24b053,508200704120000000000030200380400600000010000009003057005040000000000078604007305,4.4,Hard
002f1e69a223,301000400500860020000005006000906042000000000490302000600500000040089003005000609,4.1,Hard
002f6deddda6,069001570000070600400000020000010207082000910701060000070000003006050000094800150,4.1,Hard
002f76443584,900000200015706000400300705008600000640000051000003900801009004000107580004000009,4.1,Hard
002f86a1864d,012069007605000000700803100000700010304000506090006000007301008000000701200970630,2.8,Hard
002f9dbab8f2,540000019000040000210000037402905108700804003000060000006000700020000080004281300,2.5,Hard
002fae4ace20,000201070900070000002309400607000305050010020809000601005103700000090002030508000,4.2,Hard
002fd37bc1fe,003406200100000005000103000010060020600275009205040603000000000002000700004592100,4.4,Hard
002ff6180399,002058000300000070607900200430000000500010002000000084004005309010000008000120700,2.6,Hard
002ffa565418,060004000000200090204970000008400705040020080107006200000093607080002000000700050,4.6,Hard
0030018fab22,018020350000106000004000900380000067900804001000070000000308000005702100030010090,4.4,Hard
00302b7d2800,051726380000304000043000670000901000009060500720000061060000010002103800007000200,4.1,Hard
0030597dbc08,000068001600300090002405030090000006003010200400000070040506700070009002300270000,4.3,Hard
00306c0a2401,600000003030000090090040020020307050000080000500020006402106305300205008900000002,3.0,Hard
00308b2bec7d,100064020020000600000000904200130050010000090030086007602000000001000080080740003,4.5,Hard
00316b174f38,200010008300685002006000500000090000700106005020703060057000980600070004030409050,4.4,Hard
0031a3c41cf1,098000620600000008000090000000010000000309000201050907046000270020104050300705004,3.4,Hard
0031c4352d1c,008000200904502701000308000000486000700010004000020000309000508640000012001000600,3.4,Hard
00320cac38fc,000000000380000076060318020000000000003607400409000103050040030008000600000020000,2.6,Hard
003226350e1d,000943000000807000500000003006030100050701030004508600020106040041000780800000002,4.3,Hard
0032350621c6,300020005000050000060000020006090100210000049050000080004000900600408007007901300,4.5,Hard
003261c3eba1,021003800040000012800004003506080000000409000000010705700200008260000070004800230,3.6,Hard
0032747da423,000347000030000080001000900800402005200090006040050020004000200060809070080704050,3.0,Hard
0032badf8de1,047020000010036047006700503020000700750000086009000010502003100470250030000090250,4.4,Hard
0033406f6bc0,001805400050000030086301750000060000010020060600904005540000071108000604002000500,4.5,Hard
00334cb4d526,030060900006900070000300864900006007403000608100700009317002000020007300008030050,4.0,Hard
0033a3650bde,005006080200030500080005001603010000020604010000070609400800020007020006030900400,4.0,Hard
0033dc60d8e4,905004100000600000034090020000009050190080046050400000080060390000008000007900805,2.6,Hard
0034085d6de4,703500009005300700012000365000106042000000000240907000567000230004003500100005406,4.4,Hard
0034a09c8f1b,001000400060804020900000003500030001010000030036000580000607000200050006080090040,2.8,Hard
0034df37b929,070000080000002000950700200060001002120905076500200030002007091000100000040000060,3.2,Hard
0034ee8363e5,075010300000020001300007090410200000003000600000006012040800005500060000007090430,4.3,Hard
00350ab680c7,007520060800076000000000001050207006780000023200905010300000000000650007070048900,2.6,Hard
003515f93111,850090014000060000004000900230000078000040000000803000010408060008000700340607021,2.8,Hard
0035f27846e9,003761008800000000000004150089000000061408320000000780028600000000000007500983600,2.5,Hard
003648b55686,000508000300000004010040060000090000709050601050604020040000090507080406091403280,2.5,Hard
0036614e21ae,200790004003201000000008090069000047100000009570000630010800000000506900600047003,4.1,Hard
00366554d118,003102000050300207100009300060000000008924100000000080009700001305008090000203500,4.5,Hard
0036a6063121,270060038900403006004107900009501600000040000003000800010000090007000500000736000,3.0,Hard
0036a639e153,201060005030500010005213908008000230306000104042000700507186400010005020800040501,2.5,Hard
0037950775eb,000010020430200090000807000004502910300000002018306400000703000040009058020050000,2.8,Hard
0037eac2ee4c,008010300500000008070000010007102900002070500080503060600708009800030006005020800,3.4,Hard
003801138b06,080090100000108305170000000010204030400070008020306090000000043308502000007030050,4.0,Hard
003803498348,700000003000103000800957006070000080000060000683000245010605030005802700900000004,2.8,Hard
00386acab33e,090126070070040030001000600600597008100000007007000500000762000080000040700000009,3.4,Hard
0038919a0271,004105200000000000900823004040000060030218070708000503000501000000000000025000940,4.0,Hard
0038a2cb8a7f,000093002060000870000500010450008000001000900000200084080005000035000020900620000,3.4,Hard
00392a9e408c,006132800008000500000080000009305400270409018301000605060090050500020006003000900,3.8,Hard
003a45a2c148,006384100023906740000000000000000000409703802070401050054030210000549000000000000,2.8,Hard
003a6630af05,000050200200000300000302081306090070900010006070080403630408000005000008008060000,4.1,Hard
003b29cb6d45,000900305000700940009040800400100000601020503000006004005030100043001000908005000,3.4,Hard
003ba3bc4e94,050070090040205070300401005000903000009000100704000908020604010008000200000010000,3.0,Hard
003bfaf601b3,007000400001402300800090002760040053039000840000903000006231700200080001000000000,3.0,Hard
003c54034d20,030000020001000900080962040360501074010030090000804000000040000005209300806000402,2.8,Hard
003cddf1246c,000204000004105800050697030320060084005000600010000050002070100078000540000000000,2.6,Hard
003d0c1487af,020040050907100402800003000009800003008010200200007800000600004702004108080030090,2.8,Hard
003d0d254e44,009800204400000060003090000200080400900615002006040009000060800010000003804003100,3.0,Hard
003d27461228,420005006000008709080120000740050900008702600005090078000089060504200000800500017,4.0,Hard
003d74e9e878,063000970040080060100090004000020000030174090200000006006000700080503040300040009,2.8,Hard
003da8e9f163,000070800100503090006000035050007000027080460000400010610000200030804001005010000,4.4,Hard
003db1cdc9f8,100007000000309608030620000600000080700163002050000007000081040802904000000500001,2.8,Hard
003e110f60f2,702010405050040020004000600570000061000000000000807000400103006900070008806504203,4.5,Hard
003e16fa3688,020070008000000430000504002800000029090237060760000004900803000036000000100020070,4.5,Hard
003e86ce477d,200090004469000327000060000026000410008105600500000009002609700010000090090050040,4.3,Hard
003edf964711,000000000000020000830000016040705060080306040590000073003804100024000950100000004,2.5,Hard
003f10f2153f,700008000000007840000900023001700680002010300037002900680003000079800000000200008,4.5,Hard
003f2bb94866,000605200026300090500009030604000023000000000910000807080500009050003140001207000,3.0,Hard
003f3c085b4a,009702100800000006102000905000346000000070000604000203700080004006904700000000000,4.1,Hard
003f8181b81d,000010800070640030300005000009050020540302019080090400000700002060031040003020000,4.6,Hard
003fe144def2,000050000000802000000109000900060001507000908180000032030605080760000019800904006,2.5,Hard
00401e23badd,030408020605701809410602035007000900200000008060000010100000007070843050002000600,4.1,Hard
00402ac5fb4c,000309000050060080407000603235000416000040000070010020000000000706080305008704200,4.7,Hard
00402c4001f0,000010704000000020467200090100020040020105060050070003040002975030000000509040000,3.2,Hard
00405a5de4b7,000080460000040080840500002102700000080106050000008107500003029090070000023010000,4.1,Hard
00405d40903c,003000000580070090600042501900000050000634000010000008207180003060090014000000700,3.2,Hard
00405eba48fe,020000050037000920008602400009000800840000097010509040900020004000368000000704000,4.5,Hard
004076e8c231,070060230800020007106300900000040800410902063009030000002005401700010006051090020,4.0,Hard
004091ff05c1,007000000100300060050060403002008009700604005800500700905010020080003007000000900,3.4,Hard
0040a3f6c844,004000500010705020000824000060000070042000130005060200009030700000040000107000809,2.5,Hard
0040f09410cf,600000009000309000080162070000804000030000080070090010405000307068040190000020000,3.0,Hard
0040fe3b0d5f,007000600040020050150000079400000005085000360310207098068000940000604000000080000,4.3,Hard
0041161088f7,003509200028000690004000500000090000000704000090302070150000086080000040406000905,2.5,Hard
00411ac22c0f,300000709100700030050060108090208400000000000001906020406090010070002004908000005,4.4,Hard
004137c129db,000007900300000000051009026000058307080000090407190000170600240000000001008200000,2.5,Hard
00415d43a888,705000106200030007301050208007000600000102000100604005500000002060000010000469000,4.0,Hard
0041a9bc555a,700230096603007000000085010027000003506000901800000750060850000000700609370096005,4.1,Hard
004203b4c5a8,000000143001023600900600070010800300009000400008005010020006001004230700167000000,4.0,Hard
0042a4871ed7,030100400020000035900700000000401502000000000408506000000008004680000010004009070,4.3,Hard
0042d3735067,407602108000708000001090700180000076306000209002000800600203005000804000700000003,2.5,Hard
0042e2186bb9,300060002000050000004301800002903600010605080070000020700040006006000200520000018,4.5,Hard
00436dedf489,080670000000002007006500800010204305200000004504806020001003500900700000000048090,4.4,Hard
0043cbf9870b,000000006060570000209304700007000038300457009510000400001605204000082050900000000,4.1,Hard
004417fca0b2,050700130000090000047610009094006005000030000100900280400051890000060000039008050,3.0,Hard
004440e0a41e,600500007008076000005098610093000006061000890400000130036740500000830400800005001,4.1,Hard
004458ba7edd,009120460008006500000000000020700190900000002074009050000000000003500600057014800,4.2,Hard
0044f8e94db7,050200900000098005910006000005700006260080091300009200000900072100830000006005080,4.3,Hard
00453d0d14ba,040000780300090005105007900006302000050000020000609300004100503500070004067000010,2.5,Hard
00455f39704a,670900000000760004209000000081040700960000081002080350000000206100027000000006078,4.1,Hard
0045c13a7beb,080300500007489600000000000030010705205000108709050030000000000002691400004002050,3.2,Hard
0045d26b37df,003706100000000000160000024000010000009000300010805040031408250050000090206109803,3.0,Hard
0045d5a58f43,010000063027000009000080200502600000000704000000003105008020000200000970360000010,2.6,Hard
004606162579,006703800070600005000080009030000907005030200908000050300020000600001070001804600,4.1,Hard
004614bb98e9,000060010003005600000203098670000000500134006000000049790801000005300100010020000,4.3,Hard
00462991c49c,082500000000603009000024003024000031001040900690000480400960000100205000000001670,2.6,Hard
004741a9e384,007900800080700050405000301000080032000305000850010000906000405030008010008006700,4.1,Hard
004800cc6198,006400280580090070400000006000305007060000020700601000800000004010030052095004100,4.2,Hard
004828c66cc7,053090400000000032000304007005200046100000003490003200700105000560000000004030650,2.8,Hard
00483ce93872,509600000010003000030500104000000049300070005280000000601005030000400010000006408,4.6,Hard
0048695be294,400813005370000012000000000000000000203901806049000150760020084000080000900735001,2.6,Hard
00487ac1b31b,016000370050000020000601000580000012061050780200080005008000200300020009000507000,4.0,Hard
0048ab53885c,000800200040900000620003040000040130002000900037090000050400023000006050008001000,4.3,Hard
0048cc23afb6,704293000350001000000000070000400209070000060809006000040000000000600095000172803,2.6,Hard
0048d6d76b42,030821050000000000100305004300000007040107090900204008000040000004050600070603020,2.8,Hard
004919915cfb,400200008030500270060080000000906015007000600310802000000020090089001050700008006,4.2,Hard
00494346ec5a,300160000076020000510000000000270905009806400208054000000000019000040830000091002,2.5,Hard
004952e2151c,000700100080060230210080000030006001007108400900500060000040017073050020005007000,3.0,Hard
00497b34539f,090004030600000001008530900100603400006000100005408006004095700500000003070300010,2.6,Hard
004983b4bba4,000040000402106809050000010000907000600438002007000600070090020006000500200504007,4.3,Hard
00498a8d520a,005000700010000040000597000008403200000000000040981030800234009004000100030000050,3.4,Hard
0049a111415c,000006078580701000003400000009100007040509020100003900000007500000805014710300000,3.6,Hard
004a341e3ba6,394007000070000030206000009900208400080605010001709005400000107060000090000900354,4.6,Hard
004accaeae94,041000520000000000002401900409050307000000000700080002200090005908705203004020800,3.6,Hard
004b2b6f6c44,080320000000000007620070400010003500902000104006900070004080069500000000000097040,3.0,Hard
004b3db534d4,010008003004000268600000100020004006090605030300800090009000007865000300700500040,3.0,Hard
004b68ded87b,007906200000070000020508090300000005600315004002000800010000080030020070090807040,3.4,Hard
004b98d9b6c8,026190047700500000000060029000280490000000000091076000910040000000005008530017960,4.3,Hard
004c312b7f6b,005800000009067500080000076020080003040795060900030050210000030003140900000006100,4.2,Hard
004c35de995a,000003874003000001700090005000420000045000180000038000400080002100000400982600000,4.5,Hard
004ce16e50eb,009502030650000090002006001007025000100000005000380900700200300090000024020403500,4.4,Hard
004cf0e9af13,000109000000070000009532100890000041002000600067080520004000900028090370000827000,4.3,Hard
004cf33837ff,900050001070102040005060200000405000040809060000010000008000700600030004003207100,2.6,Hard
004d2c096ed4,700609005049000280200000001000203000060090030002168500007040600800050003000010000,4.5,Hard
004d364f473e,004006300059003060300008057142000000000030000000000645520400001090300420008200500,4.4,Hard
004d552d386e,040000080100304005200509007002000700000000000080251060701040809400020003020000070,3.0,Hard
004d57b0a3c8,000407000060205040010000020040609050003000200100000009200080005950000082004090100,4.5,Hard
004d6dbaff1d,700050096000006000020000705000004003307105609900800000809000030000400000630010007,4.4,Hard
004d8a3e18cf,060000570005000809000206001000900008006000700400002000700603000308000900054000030,3.0,Hard
004dc209333f,000907000030518040500030009020674030040000070010000080700000003100000004050209060,3.4,Hard
004dcbdfb2fe,209500000040021000030604100900000500708050401001000008003106070000270010000005604,4.1,Hard
004e3e842335,003040800008060700050302010002000500070000090600403008010256030000030000000908000,4.3,Hard
004e7fac7797,502960000036000000000000062005700640700408009049006100120000000000000780000097201,2.8,Hard
004eda224c12,300080007908000301010000050003204700000308000009705100780000035106050804000000000,4.5,Hard
004efc5274c8,630080091200009506015000700060070000100608002000010060006000320701300005340050017,2.6,Hard
004f0f0284a8,000105000009060300650000097000807000003000800400209003730506024500000001002000600,2.8,Hard
004f2b61c0e4,013000750000638000020000040002701900700203001900050007305000104008000300000304000,4.3,Hard
004f6dc46812,600007000890002700100040090000006010009501300030400000050010003004800051000600004,4.1,Hard
004f745a91fd,030090010800600004007003500004908070900070003060201800002300900300009002010050060,3.2,Hard
00501fe5d826,504010600100500007090030508000200806000000000305009000703090080400005003001080409,2.6,Hard
005042129da4,090370060000804003030029500009000200700080009002000400001430020600207000070098040,4.3,Hard
00506b54b9df,002000008050908070096007500003100009080000060500006400007600140020304080600000900,2.8,Hard
00507a661c60,300105009005604100040090060000000000809000405600902008000000000407010806506000704,3.2,Hard
00508b9e08c2,006000300000602000502000107020000070100408002007905600001369400003050200000000000,4.4,Hard
00509d833069,190502078200000009004801500010000060300020007000905000500070006067000830800000005,4.0,Hard
00519af2427e,090041000008002401050800000600200000903000608000007003000003010809500300000170060,4.5,Hard
0051b20eeccd,000908000000702000905000701000601000709804106040000030406103908800000002003000600,2.8,Hard
0051d34a5b47,000400200000079300469052000700920008010000030600031002000280715007590000005007000,4.6,Hard
00523e3ab823,080000010002000600014070350006905200001080500800604003240000091000109000000050000,2.6,Hard
005255cb688c,800004072005000004003908000000093001000010000200580000000209600100000200540100007,2.5,Hard
0052ab26a15e,060000020104000605520000074200509007050030060080602010030050080000816000000403000,3.0,Hard
0052b7a2120e,000050047000080609070006000003000064401000708280000500000200050602040000350090000,2.5,Hard
0052fdf68d2f,000005400000000091058940300700594000001070600000613007005036720630000000009400000,4.5,Hard
00531b94cb2b,500000004400109002802000701600000009040000070079000520004756300000248000000030000,4.4,Hard
0053ce883f9e,900000000034800500000030070208007010160203094070400602010090000006008250000000003,2.8,Hard
0053f03a4fdb,006087400040002050700040003360000000509070604000000025100090006090700040007430100,3.0,Hard
0054286319cc,004800000030004060000130004060507901001080700702906040900071000040600090000009400,3.2,Hard
005497c2553c,008007000000000490040302087025098000070503020000270650730401060082000000000800900,3.4,Hard
0054fcd76f51,000821000007406100000050000500000004010000030000205000009080400073000810120709056,4.5,Hard
00554bed2029,090000600006502000010600520007000030005901400020000700054008070000705300001000090,2.6,Hard
00556d1208da,750090036400503007100000008000000000203407509040050070300060005004802600020000080,2.8,Hard
0055790ccf75,009000360000209070704030001600092700000604000005370006900010503030405000058000100,3.0,Hard
005592259e0b,000090010015836000900000700280003000000208000000900062003000007000642980040050000,4.4,Hard
00559602f1e6,000901000000000000503000209020000060056010820308040705000238000000090000062000370,4.1,Hard
0055b1d6e773,600020008032006940090500010050907800800000005003805060080004050065300170300050009,3.4,Hard
005665923a81,200704009040000070080000040000173000300040001000809000460030058008090600003010200,2.5,Hard
0056799828cf,000010000006759400010020050900070004602000805050000030700060003800000009095000610,2.8,Hard
005680f9c59f,031050960900030007000709000009080300040106080000000000370000098080070030400823006,4.1,Hard
005689cf3f96,010020600000000300703009258000090026000254000140060000328600109001000000009080030,2.5,Hard
00568ecced57,000000000030841050010000070600020003090000080002108400007000100000215000080603040,2.8,Hard
00569d1d9294,001080005500000006980035070009300420000000000028009600090510083800000002400070900,4.4,Hard
00571599de9f,005201900000060000410000062000000000041000630003609500002070100070090020006503400,4.5,Hard
005740fa9c67,019000250007010400500206001008030100000508000050090040030000010005104300002080500,3.2,Hard
0057b1f4cfd1,080000030400070002000501000090000010040010080500628003000249000070000020802000401,4.0,Hard
0057bb1f7c31,108000040070004062000090500306040000000108000000060407004010000510200070020000901,2.8,Hard
005800ac4f20,500040006000080000003706100080905020002168500000000000409000705000000000806030204,4.4,Hard
005826412529,000000930400000008021053000000045003004901500600730000000590340100000006048000000,2.5,Hard
00585cd9fe6b,700003080040060002000004090860140070400000005020097018070300000600080050080400009,4.5,Hard
00587e9e4653,009000200000903000080060090800090007500000004130507062000846000000000000026309850,2.5,Hard
005882a88aa9,000053096800007000000002100580300010400000008020005043006200000000700002170560000,4.5,Hard
0059009db267,050020010107403609000681000000000000601000407048000930500719008009235100000000000,4.3,Hard
005914874f77,000106980000800100000004603570000092201000806690000051109600000002003000036709000,2.6,Hard
0059214e1382,030001000000509003207006008702000005008090100500000306400800709800704000000900060,4.0,Hard
00598efa176f,420030081300000006078010530007000800000000000130000067500070008009502100001349600,2.8,Hard
0059c67cb66f,000700800030059210260100000080907402020000090906402080000004075075890020002001000,4.2,Hard
0059e1df3526,000306010105020600060400020200000108070090060908000007030002080009050402020904000,2.6,Hard
005a096b8c77,400300081000000004198070500900030100000948000006050007005080419700000000380009006,2.6,Hard
005ab555781d,100603005080050090032090640018000950000405000040060030450000028000000000009000400,4.1,Hard
005ac09b49b7,603097004004000009070020000012008090000030000060700410000080060200000800400560207,4.2,Hard
005b0d467ae9,000426000000000000002517800590000037100205008040603010700801004020000070009000300,2.8,Hard
005b4f96b613,300700008002031700070082010068000009027000180900000270040810060001650300700003001,2.6,Hard
005b4faf4742,006000100080000040052000960071904530030506080000020000098105320000030000000798000,4.1,Hard
005bdd42cb46,300000008020010090890000047000506000002341900080000030001000700008030400000907000,2.6,Hard
005c5330acf3,002035060640010030000200005900752600820304071007168003300001000070080056080620300,4.3,Hard
005c57de0806,800000007000305000005010200052106340000000000000928000201000604060704010080000050,2.5,Hard
005ca90fa2a8,620507100090010080501800006000000800070020030009000000300008901080030070007201048,4.1,Hard
005cdb318a38,008090400600030001070000060007402600006010200030000040000278000000000000405901807,4.6,Hard
005cf45560b8,000000000750409032000635000000000000009020800005301900180000075070864090093050280,4.2,Hard
005d1d9c0127,000901300004803000900020010340000097001000500590000068010090005000408600007506000,4.4,Hard
005d557f4c3a,008000100304000706020010040000000000400532001000987000672000419009106500050000020,4.5,Hard
005d6a6b682c,670300804008009020050000006003500070020090060010007300900000040080200600201006083,4.3,Hard
005d85d128d5,006040500800060001700201003008000700910000068000080000005070300600030007003409800,2.8,Hard
005db2a9cdf5,800406005000090000090030010248000536061000940000060000004279100020000060500000009,2.8,Hard
005db3e4b078,020001700000360905570090000800000030039000250050000009000020041301045000007800090,4.2,Hard
005dd0bde152,250010007000200005008460900000000170905000206076000000004058700600001000500040062,2.6,Hard
005e1b9972ca,800070009026108730000402000000000000073080650000060000008736500704000301060000080,3.2,Hard
005e3e74747f,000907000006805100200000005100402009040030060008106700700000002003000500000598000,3.2,Hard
005ea072adc6,010050070002897100709000408000000000980040037000102000400000006030000080026070310,2.6,Hard
005eaafaca74,000000950000180040002400001420008605090000020508900017600001700010043000057000000,3.2,Hard
005ec948bc5b,800200040000008025001000907000800032000943000340005000506000300190600000030009001,2.6,Hard
005f1b07f1e9,000050006120630090000000417000000064030908070290000000948000000070094081500080000,3.4,Hard
005f24a19a5e,960000038000000000001070500800307009000618000310090075090060040627000951000000000,2.6,Hard
005fbed0bbfe,000804000900000003002376900480201035025030890300000002006000300000000000013080450,2.5,Hard
006061633b0f,000142009001000300080300050012700003070000060300005720060007040008000900700453000,2.5,Hard
006070bf2b2d,460000039003000500905806204000000000600923001004105900340000098000000000009302100,4.1,Hard
00607ffcb23a,706003098500960000000047001908000060051000820060000509800650000000089006620300905,3.2,Hard
0060b7dbc0b8,000000000040207030960040071000090000003802600480060012008070400150000029000609000,2.6,Hard
0060fd785ce1,000018200100000060096700080750080000200904006000050079020007910070000003005490000,4.3,Hard
00610710144e,005070400600000001020050090400602005002105800050080060070908010504000908000000000,4.0,Hard
0061163d7a70,000302700002090000050060320000081030804000601020540000063070080000030400007804000,4.2,Hard
00611b9bacdf,000043010209051000000800070380000700670000041001000056050004000000120405020630000,2.5,Hard
0061af7307f5,090050004040900061001400000000006400300714008008300000000005600620009040700040010,2.8,Hard
0061b1225756,800200300569001000002600000700190040090000010010026009000005600000700524007002008,3.4,Hard
0061fccbc514,700005302030007850580000000910060000000531000000070063000000031059200070304700009,4.3,Hard
00628baeb789,004718300000203000000405000008000900060000020500080001050642080600109004900000003,4.3,Hard
0062c5c77b49,070000200000003001100682000093807400002040500007205690000376005200900000001000030,4.1,Hard
00633e7e4cce,500000004019000680000308000700806003000192000000050000002000500060030020053204890,2.5,Hard
006393c3520a,401027006900000200000005304070250000000806000000039060802500000006000002500970601,2.6,Hard
0063957cfcc9,005090006800000709000060580040001203000306000308900060084020000503000004200070800,2.6,Hard
00644edf25dd,905008001030001070000600004750206900000000000004109056300004000020800060400300105,4.5,Hard
00645db3dcf9,000000100020010360316087400001070000042109670000040900003290546064050030005000000,4.1,Hard
00646276a6ae,001000600000846000040070090060000010890104025005702400000080000310000056400605003,4.4,Hard
0064723a5e96,907600420000710090030800500000400900050000030001003000005009080010076000093008106,4.0,Hard
006500a38afd,005600070000003106001080040900035800000908000003140009040090600509300000020006700,4.5,Hard
00651c170c5c,000198000000504000100020009003000800200000004045000360060759030070861090900000001,3.0,Hard
00651febde96,409000100000900604000000030200010309104308206807020001020000000905004000001000803,4.6,Hard
00654e1ec4cf,000605000200000008003201500006000300009000100720030084902000407000050000057090260,2.5,Hard
0065c24b6c73,003800000704019002000030060075000810000080000089000650010090000900370506000002100,4.3,Hard
0065f2d39b98,008000000000250700000004601040000280090706010061000090207800000006043000000000500,3.2,Hard
0065f8192422,000357000002000300000102000620000087007604100800020003098000630056030290200060001,4.3,Hard
006643a171c7,009500030643200090000030024000000049004000300510000000280010000030005271050007900,2.6,Hard
006675dc4e13,094010830100300005308700102000000940400080001019000000506009304900006008073040650,3.8,Hard
0066765dfdec,003567900070000030800090004000000000001703600007040300100000009708901405060050070,2.8,Hard
0066848231c9,560007000700000002009304150100400008000070000400005006074601800200000003000500024,4.0,Hard
00675320ae94,600007010000146070007000900765000400000000000009000365008000700040875000070300002,3.4,Hard
006753c56beb,005040000000900400082007905006109070700000003010704600209400750001008000000070300,2.5,Hard
00676922b107,080007040704000006002400750900504600000020000005906004098001500500000201010200030,3.0,Hard
0067e2282923,007020000010000060902800050000006009604902503700400000050007102020000040000030800,2.5,Hard
0068506f5088,090074300100080026600100800009400060000000000070008900001006004950010002002340090,4.4,Hard
0068780b361d,803940007050000040000002009007306001300000002400201300700500000080000020100038905,2.6,Hard
00687d2a6e98,700400000082900300030078000008090004014050970300010500000180060007006210000007009,4.3,Hard
0068e0a3ce95,056000010890005043000400006070030400000784000008050090900002000580300029020000860,2.6,Hard
006902314aa0,000005000605020700701008940000000020000906000030000000046300501009040206000100000,3.6,Hard
006906285bc2,580300100001050800070009000097000008060000010400000570000400050009020400002003096,4.3,Hard
0069146e57fd,010800000000019006007006280436000700000000000002000348073100600500380000000005030,4.3,Hard
00692a345a14,050007030000300900309008002000063200003000500006410000100800704002001000070200010,2.8,Hard
0069a5e53ce1,060128050009403700000000000000506000005709800000812000048000970090000020503904608,3.2,Hard
0069b31063c0,000030000090207030210000048704601305100000004000408000500000002000506000308020106,4.2,Hard
006a5d2fbf07,006205800800010003051000460085090310040107080000000000030060050070000020008000700,4.5,Hard
006ae7104678,020000030600000007053000140001809400000305000090702010000090000700000004019030820,2.8,Hard
006af9433640,080510000010000039003000200000942005900708004800361000005000600130000050000075020,3.6,Hard
006b616c1ac2,008005020000091500001000940100037000530000019000510004096000300004680000010900400,2.6,Hard
006b8a19f3e8,000000000006745300100080004003000200080000090500368001000407000004136500010000040,3.0,Hard
006bb2600c75,080400100010030045400009000008307001070090060100806300000200009950070010003001070,2.6,Hard
006bcb51deb9,500010000180730900300900000054000008001805400700000510000007003005084069000020004,2.8,Hard
006bed586458,010030060020000050006809200007501800400000002009000700070203080500704006000010000,4.3,Hard
006bef8c29ac,300006020500020861020100003000009000008501700000800000200005070935010004040200005,2.6,Hard
006c15bb2ea1,900300602000200400720046000003000026006010700590000800000670051007009000602005004,3.2,Hard
006cb5bd8014,003000800000040000904000203000568000061000530205010908000000000600907002100426009,3.6,Hard
006cb6186977,940200000002100040006007290000031902000000000305620000057800400010003800000009057,4.4,Hard
006cb83a4ff8,405000700630708005000500030000400080360802051040005000010007000700609028006000107,4.1,Hard
006cc11d5bc1,050030900043100025600080030000000060904010703080000000030070002570008340002060070,3.2,Hard
006cd34efcd2,903108205400070003000209000600020009005000800109000602240000076000010000000604000,2.5,Hard
006d34aed119,900020004002104700010607030040010020001578400006302100100000007000000000804050201,2.8,Hard
006d416dee53,030900010000610004010000200020004005907030102100700080002000030700061000050008070,4.4,Hard
006d65049693,050000030400709001019030840004000300970000064060000010000102000005678100001040700,4.4,Hard
006d98ad545f,000100049003004708000080100030007020400020003020400090005060000801900500260001000,4.0,Hard
006db85e963c,100000009008091200090003040061307000030000050000106370080600090005430700400000005,2.8,Hard
006dc72cef1b,060030009000074006000000850000200705091000320807005000059000000200640000600050030,4.2,Hard
006eb07cd6c4,006000310700130000500092008001000030058040720090000800600520003000069007035000600,4.2,Hard
006ebdfc3179,030027019000001000690005020089000007006050300300000860010500086000400000820190040,3.6,Hard
006ec0572d19,400017005060300080005000400200070040600802009070030006002000100050003060800190002,4.3,Hard
006ecea76005,000480601620000040000000800000030004085040790100050000003000000040000087509067000,2.6,Hard
006ef50de284,610800200700000050000040000025037608000000000309260740000080000090000001001005023,4.2,Hard
006fbe1886a0,290070051360050028000010000100000009035000840020534010070020090000643000000000000,4.5,Hard
006fdb8c0afa,705001000000040090300805004006000072200000009530000400900708006080060000000100705,3.4,Hard
00702446576e,308009002000000500070050934000067010000802000030910000867020050004000000100500608,4.2,Hard
007031319047,090804020400705001000090000620000054007000300930000012000050000800407003040103060,2.6,Hard
007033306f85,800609000002000008037400002000500046000703000980006000200004680700000300000905007,3.2,Hard
0071056fbd27,078900000500003804040500000400009006009010700200400003000008030601300007000001250,4.1,Hard
00713d1f8559,000751000000000000001364200100000008580000091703020506800207004000000000340090012,4.5,Hard
0071918d407d,800010005000309000901000308030090040000507000500406009370050014180040037000000000,4.0,Hard
0071e89f2418,090050010000604000206701409807020106000805000000000000900203004000000000570000023,4.2,Hard
00724b452a7b,014005003008000000050000271002700000030981020000006300569000030000000600200100490,2.6,Hard
007268b63f6d,300800000000009120700026008000400093800000005490007000100670002073200000000005007,3.4,Hard
0072dd991426,300000004105000209809040706000010000000203000910000023400000005008407900000906000,3.4,Hard
0072fb13f440,000009750500200003000036900040080309020000040803060010004620000100004005078300000,4.2,Hard
00738686b16b,000205000004010200600000003000709000090080070503000109200090007810000064007000500,3.4,Hard
007427b62fb6,020000700700100045085030020070005900302070504008300010050010370830004006009000050,2.5,Hard
00745b2db1b9,704000038500003000009004706071050000000902000000010940305200800000300009290000503,4.0,Hard
00745e0a00ac,074900030960000057000006009009040003000608000200030500500300000490000081080007240,4.0,Hard
007487800888,600020005000305000800000009014000390200000006008070500506907804000060000000108000,4.4,Hard
0074aeb4bca3,900760001074020000080005003019080000000000000000070830600100040000090750800042009,2.8,Hard
0074cd0f11fb,000218000008309600000000000607000209100000005280070043070000090090604050400000006,4.3,Hard
0074db928b27,050800600000500003706100200000705426000000000625908000003007108500009000001002070,4.5,Hard
0074dbf68c8a,002005098000000300701900000005210007020706050900083200000002609004000000250600800,2.6,Hard
0074e9f7e21e,000608000001070500600090007100482009080000050090000040930040015004907300000030000,3.2,Hard
00758dd9e98e,000000076000078204000500030005903001800000002700205800020006000607350000130000000,2.6,Hard
0075a0a6e708,200000004015040030003200190000402700040010080001308000056001900090070210100000006,2.8,Hard
0075a6446f4d,706000050001090000000150760200869000500000006000315004028031000000070600030000102,4.2,Hard
007609fe9695,090020000005700010007805003604000080003090700020000301900206100060007800000030040,4.5,Hard
007611d7e190,009208300052070680080000090000040000090605040730802056070000060003901400900080003,3.0,Hard
007618c760ef,300000029409000500700308000000050412000030000972010000000109005007000201290000008,4.2,Hard
0076536a9a54,290000034000000000100040006005128300400306002003000100000687000008214500000000000,3.2,Hard
0076586164d2,200605008130040052050010070400000009000307000080050020540000097070060040000000000,2.6,Hard
0076684f6cee,800000009002500700071004320003050040000706000010020600038100450004005900900000006,2.8,Hard
0076c16663a8,940003080800910000002000500608020000005000900000050204006000300000036009030200076,3.0,Hard
0076e9cfaee8,000489000400020006090000040005000600030000090700060004004050200080701030570000089,4.3,Hard
0076fdde0499,000201370708000000501000820100704008000020000300108007094000601000000402015906000,4.1,Hard
00776c0552f8,208000104003000200760000095050308020000050000000271000030106040805040603600000009,4.5,Hard
00777fb6f3d3,305010809700603001080000070000701000057802410000040000003000900200905007090000060,4.3,Hard
0077831c4b5d,000010000080030040060908070000000000098040760307000105710402036400506008000000000,4.1,Hard
0077e624508a,800040009070000030096000540020030050000000000007506400100907002908000105030000090,4.1,Hard
007830f95b1b,604105809000000000900030005000000000001796300060304080007000600000218000029000510,2.5,Hard
007831b7bcc1,000050000734002000020004603496001000000000000000900486605800040000200857000010000,2.6,Hard
00784b2118cb,804000002010750040000804001009000360030070080045000200400201000070043090300000406,4.2,Hard
00788561c3e4,070000030500804001040306080000000000305601708460702019009000100020080040000020000,4.4,Hard
0078be162148,008000500000607000000020000042000390980504062300000005070000020004902600100308004,4.5,Hard
0078df04e671,020301040810040032700000006306508201002000600001000800007802900000050000000607000,2.5,Hard
007904bf5b3f,036008100005060003100900026200000400060000050004000008680004001300050200001800360,4.0,Hard
00790991c53b,800607004100000007070030020003000100010209030000050000005090800090010060400703005,3.6,Hard
00790f05f571,700004006001050000030600070906080020000579000070010504060005040000040800800900002,4.5,Hard
007911846543,500430091109005000008000750080103009600040003300706080063000900000900308910068007,4.1,Hard
00791e9a1231,000040050078610004305000000100000700027000410009000005000000603700096580010020000,2.6,Hard
007972935268,017090240000000000400050003000401000703060408000000000500236001106908307000000000,2.6,Hard
0079b597aaa2,900001000000020007430080200080000001250307069300000020003070092600010000000200006,4.4,Hard
007a0a61a4d9,060005900004602000002030001100000890600050004045000007700060200000809700006700010,4.1,Hard
007a1d2a82b4,089300700103040060000000000000400800051020930008009000000000000060010307002007510,3.4,Hard
007a7e2416db,500020006040070030030905080020301050000000000100000003060040020080000040700602001,2.5,Hard
007a9009d9b7,208000096130900020000062008003509040002080500040306200800290000060004052920000804,4.5,Hard
007b6ef4f1f0,006080900800691007100507008000000000000372000460000082005040800023000410000109000,3.4,Hard
007bd7b8665b,040500067050000008009008000000402780400050001065803000000300200500000010980005070,2.6,Hard
007be9e614f3,090800300001400205260010070000000027007030400910000000040090062109006700006005040,4.5,Hard
007c030271da,600070009000000000004000300300702004040103050001608700050080010480000063020000080,3.4,Hard
007c0632f977,300104008040708030000000000000907000067000140058301290003000500019050360000000000,3.4,Hard
007c17483b3d,700000009006020100300104002000206000000703000050000010005301900070090050069000780,3.6,Hard
007c3275df78,803000001020009480060800003070308500000000000008902010300005060052700040600000307,4.1,Hard
007c4ae79aea,060040002000900810200005040047090001008000500600070430070100008083009000900030060,4.2,Hard
007c6fde903a,920000067000050000003000500100000004300401002500762003700000006000806000809040705,4.5,Hard
007cdd3ea47c,098000052060008700401000800040801920000070000027603040004000205006500070570000380,4.3,Hard
007d19e7182a,503900802060008010200000004040283006000106000600794080300000008090800070801002903,2.5,Hard
007d1da8e11b,030000010004509200500000008000407000080090050002080900018302540020000060003000700,3.4,Hard
007d1e3f6df5,000507000000030000580000079009000600000382000008609100305040708804060905010070030,3.2,Hard
007d318cab56,030100040700890005000065000001000062078000930420000700000580000900043006050001090,3.0,Hard
007d7f04fcc1,510080400000005100000000095020750006401090702600042080340000000006200000002010064,4.4,Hard
007de20e566f,000001070050070100170900050300050080004603500060080002010005024008040010040300000,3.4,Hard
007e111a3d4a,800149003090060080400050002000030000083000240070000090000090000041000750009607800,3.2,Hard
007e7dd0cf1a,030060010000401000000000000069020580008000300000708000801902605300000002020845070,4.4,Hard
007e9b8dd306,000700049030490700000036001000600050020307080050009000200160000004023070560004000,4.5,Hard
007ea9568a14,082000150000000000010060030000801000700040009200000008500607001003000900070583020,2.6,Hard
007ef272591d,900000006010009420047002800091703000000000000000108250009200730078900060600000002,2.6,Hard
00015097c6c3,083020090000800100029300008000098700070000060006740000300006980002005000010030540,7.2,Expert
0001d2888928,200050006010000090600801003007090600000703000900080002100000005060902010003060200,7.1,Expert
000274921f39,590000007040010083008034900001402000069000820000109300004670200980040030700000016,7.1,Expert
00035f2db993,006000200900000004243000896000591000002080300400203001300000007000907000010408020,8.2,Expert
0003c85d91eb,000000000560000032230040079000060000070501090000708000053000920009806500700000004,6.6,Expert
0004477c8766,000310000060097040001420300030000502786000139502000060003059700020680010000074000,5.6,Expert
0004d942efa5,076009400000801007300000009610307080000090000020108034500000006900204000001600790,6.7,Expert
00057d44a4af,103070002000000040090005001020100503007000200405002060200800030050000000800020709,5.4,Expert
000673abbc89,850000031000070000000809000003000600970301052000020000100407006205000307000080000,7.2,Expert
0006756dc1bd,031006009000040060008007300184070020000000000090020148005800400040060000300500780,6.3,Expert
0006848206bf,100605009000000000053010840000951000000060000002080600607000905300807002009000100,8.4,Expert
000756d0f0f7,000030000560749083000802000000000000001608500090307040300090006070103050005000800,7.2,Expert
00076ba18179,074800900001050004500000063000305008060070090900106000730000006800030200005004830,7.4,Expert
0007ac38ad81,070000010000040000600208009860000091300106007002000300000070000050804030906305702,5.4,Expert
000885973139,300090002020104000000300700603500080870000014010007605002001000000905020900030006,8.5,Expert
00096d454c67,520010007080040032007500100000000700410060059002000000009006200360070080200050043,5.5,Expert
0009f6bd294e,502070430000400050000020700400502073000010000970603001008050000010004000059030807,7.8,Expert
000a10a08982,040062000900000020026300480000004870007000600052800000085001360030000008000530010,7.7,Expert
000a17154422,040280030010006007609070008000092000900000004000740000500020803400800010070035090,8.4,Expert
000a8d1be106,000600309306700010001004720900500000010000070000006001053900100070005804809007000,7.2,Expert
000aa07acb1b,030004000000800020900026400100000050049050170060000003003740009020001000000500060,7.3,Expert
000aa83fad53,000000407702000090059700030000186002004090600300254000030001920090000704801000000,5.7,Expert
000bed0aa5cf,040607080100050004003104200006803100000000000480070053020000010507000908000030000,6.8,Expert
000c289df2d8,024600007006070000003800560000200800300000004002001000069002100000030600100006240,8.2,Expert
000c6f8b18da,608000301700050002040000050200608004105020708000070000000000000810000079070103080,6.9,Expert
000d05bea0a0,003010800900050006700040003000104000070000050090578020040000080107000905502090407,8.3,Expert
000d38d7e822,070090040140208037900010008080000090201040603400000001010000020000629000700080009,7.1,Expert
000db55a089f,000030600040800901006700005083000200600040008005000490900005800501008030004090000,5.4,Expert
000f2a23f2d3,001000008709300001008701093000160050000000000080049000830402600900008205600000300,8.2,Expert
0010680b0c38,004070900700020008000000000003902500450000029090107080040000030006304200900080001,7.0,Expert
00118730449a,302090000080000000407056000030007069040601050670400030000360501000000090000010706,7.4,Expert
001206011717,000003500036405070100000060610309040000040000020706038070000009060504380008100000,8.3,Expert
00121d9a9024,700040006000759000900801003000524000030000020400000007501000208080000010209000304,8.9,Expert
00124fe5399f,009103002000060830000004009008000020910050048050000700200600000096010000100207300,8.5,Expert
0012dee256d7,000000000007010200800603001005908300000040000020000050001762500500000008060000020,6.4,Expert
00132112d510,078040600600000590500610000000000009019402350200000000000038005065000003003090480,6.7,Expert
00134e5dddba,007000500000080000900070001025108930003000600009000200000503000700000006010207040,5.5,Expert
00135cf26488,000000000012080450005206700004801200000000000290050068800000002000379000063000970,6.7,Expert
001373391771,021408000004002730630090000000009043003000600450300000000060074046100500000804360,7.2,Expert
001406db5ced,000080000002000500000702000500000003036000740900000002300801007008040900095030680,6.6,Expert
0014decd38eb,050600090800051020006002030300007000041000270000100009080400700090280005010005080,6.4,Expert
001510809006,500007000200900800000000460020710005000506000600039040087000000005001009000800006,8.2,Expert
00152aa39f09,010700000406020000902105000048090000601000507000050840000503702000070906000006050,5.4,Expert
0016a7e46328,704000905010040070089050310000010000000708000300604001070000090032000450400030007,7.3,Expert
00186ab518fe,090602005080100000004050000000000082060403050950000000000070100000005060600908030,6.8,Expert
0018d4ef220a,700000810040008200000206003000320900200804007003067000800602000009500080051000002,8.3,Expert
00198b36b243,000208006900050800020000090037080000500040003000070680010000040009030002400507000,8.5,Expert
001a7845194f,009107300704000908030000060078000530000308000400000009500409003800070005001000400,8.4,Expert
001aabb8bc0a,040901050600000001150000027004708500071000230003000600000216000000803000010070060,6.6,Expert
001ac35fe7ae,006100002080020000034805000307000040060000090040000103000601930000030050500008200,7.1,Expert
001b85c663a9,900000005004129600000605000040060020000708000780000063007000300020304080008050100,8.9,Expert
001cf87174be,000080004709004530800000600000400700307906405005002000002000003038500109900030000,7.1,Expert
001e039a9775,200003004004100000008060790500010020002406500010050003021030800000001300600800005,7.9,Expert
001e18d10c4d,000028000027300860300000041000500700010000020003006000730000004048007690000980000,7.2,Expert
001e943ba59f,000905100140020005002006000006000002400802009800000400000500700700080054009204000,5.7,Expert
001eb5c22d11,310500000600008004004007090002000010500070002080000300060800900400700005000001073,6.3,Expert
001eba174d17,008020900600000005500901002001070500072000690300000007000407000010503020050010080,5.6,Expert
002053180326,100700050000008300409060080600000090000307000010000002090020105003500000020006004,8.3,Expert
00213ed51a1a,000693000064000380020000050001902700000507000030000090006070500070208060082060470,7.2,Expert
0021626b5d93,100009600200006009040000010500390480080605070092087001020000050700500008003900007,7.0,Expert
00216c474890,000109000108000509009532100300070004051000860002000700904000308063000420000000000,7.3,Expert
002279de6019,300600005029700060000093040007000054006030700280000600060310000090005120500009006,7.3,Expert
002286579a91,000080000010506030000473000000000000402000603038040790043000960500000008800102007,5.4,Expert
0022f4a5009b,100073206007010000203005710405000000730000058000000304021300805000090400304560002,5.6,Expert
0023b8584516,000908000006050300005000400100080007000501000090060080010020070040705030700406005,7.0,Expert
0025fd6d7f53,700821006009000500800000007100000004040080090070502010060000030000219000000603000,6.3,Expert
00261995273b,000000000007195200400000005069000830000080000700203001300709006004020100076030980,6.6,Expert
00264f435ba5,900500302050000070000034001000006710300020006081300000700140000040000090209005008,6.8,Expert
0026658d3723,050030070007000800604207509000000000070506040502809703006000200005090400720000096,5.6,Expert
0026cab3bd55,300600080069000000800049003000010300073020450001070000500280009000000830020004005,7.2,Expert
0027242ca699,805000040006003001000890600000018050000207000020350000009036000400100900070000104,8.5,Expert
002729087089,000040000020609010006308700050090020008000300930000074080502040043000260500000003,5.5,Expert
002752f59c13,000503021000200450000040009600390870000000000092076003900030000084002000260704000,7.2,Expert
0027e792fcef,800600040040090607700300001009006302000201000208900500500003009903010080020009005,8.3,Expert
0027eeeaca90,002805000030064720060020009320000008016000370900000062400010050051480090000506400,6.8,Expert
002815674374,508000004090003060006000705020315000000708000000426070901000600040800050800000301,8.4,Expert
0028629de992,006704900000050000070613050002090500005000300030502060600107005900000007010040030,8.9,Expert
0028faa58022,005000600080926040020050080092000160400090005000802000009000300040060050001509800,7.7,Expert
00292f0312c3,021500000000083020006000800000800001038000450700006000002000500050620000000001730,5.4,Expert
0029d359cff2,200034007080090000100000509092800000500000008000003160608000001000060050900270006,6.9,Expert
002bb0dbf5b9,800030000030009002061080073002000090000706000070000500350010460400900020000070001,7.0,Expert
002cdc9c3080,605080024400010700030000006000496000890107045000852000900000080001040002240070509,6.8,Expert
002e2e286b20,000002901000100050006080040078940100000000000009023580030050800090007000805300000,6.4,Expert
002e707da442,001000700923000841080000030500000002000106000010902060000208000702000905040507010,5.5,Expert
002e84263cbe,806020730025900060000030000001702000400000001000405200000060000010009620067050408,6.8,Expert
002eeb857569,001002008870100000300800560000000090090435010080000000046007009000006052200500600,6.9,Expert
002f168bbae3,360075004000308006008060700740000090805000407090000053002030500500704000900250071,7.0,Expert
002f2cbfac4e,610000000040600500307009004003804001000050000400903600900400207008005030000000056,7.1,Expert
002f813f487c,000500700095070006000002850100000907007010200908000005063800000700050640001004000,9.0,Expert
002fe7bc1314,000401000006000400050020070090108020800000006000607000009856300430010065000000000,6.7,Expert
0030105c133e,005010200300040007100309004006907300071000890000000000600080003030425060000000000,7.2,Expert
0030559b94a3,020460090410090026000002000004000005350000079700000600000600000290050068070023040,8.4,Expert
00312a69a8a8,000030000050408060000701000002000600500090004000386000120000078007000200804102905,5.7,Expert
0031757e6c7b,908257604000906000063010250030090060009060400005348700070000080004000300000000000,5.8,Expert
00322a54400e,000701000054080001002006080000105030009000700020604000090200600200060340000907000,7.0,Expert
0032c2f5973e,010000000308192000600480700700000906100000002904000008001074003000926107000000040,7.3,Expert
00352fbdf16f,060003000008070001000820706300004008607000204500900003104095000800010400000300010,5.4,Expert
00364d79ba4d,000000000020406030090573020081000750000748000607000208800000002000030000069000180,6.3,Expert
003758f3c485,200000009300090008005603200070040050160000047500108006003060400000501000000000000,8.8,Expert
0039343e0186,091600200706004000024800000045002000000518000000400320000006830000100502007005690,8.5,Expert
0039d52e97a5,025000170000503000300010005008000400007000200400762008000936000000040000706000804,5.6,Expert
003a2e86fb80,200081009080700020001500800600000790500000008039000002007006500090003040300840001,5.4,Expert
003a3c02f0c4,000000000001837400004902500040000090508000207200070006700000004030020010005060300,8.5,Expert
003a7e3f6c41,594060700000000000600100840000900008940030062100006000052007004000000000009040135,7.2,Expert
003bad36e353,900340500000001000418000032000000310600050008073000000750000429000500000004072003,8.3,Expert
003cc7a7a6f5,300600000470001000001070200000029600050703090009140000003060100000800065000004007,8.5,Expert
003d720e8d64,048600100200901508090000030000700000005216800000008000030000020109407006006003950,5.7,Expert
003d8a830f42,070604020000308000006050400000769000005000700090000040650000089407000601030506070,8.9,Expert
003e105f851d,001500020000100605080096000073008000002751400000300270000910060107002000020004300,6.8,Expert
003e27f08bc1,300100008090008310001700094000003650000000000043200000280004100039600080100005009,7.1,Expert
003e7e02c841,000702000007060400092000730010000020800107003004000500340000069020508070000000000,7.2,Expert
003f39d6d118,005083040600900000000014002501000080809000401060000209700140000000002004040570800,5.4,Expert
003fa6bfb266,080900000051004087000380050010000802004000900508000010090048000170600490000002030,6.8,Expert
003fb7695009,200067050000408270097000100050900300000000000004002060009000730031509000060730005,8.4,Expert
00400705ad20,090800600007040005400063070008000009059000340700000800070150003900070200005006090,5.7,Expert
0040771199ac,400200000020070560007006030200301070000000000090708002040900100019040020000003008,8.5,Expert
0043efd9ad16,003070600054003070900040032010000000409030507000000080590020004040600250007050800,7.1,Expert
00453f3b4080,005000070160700080002800104000607430000020000076403000309008700010004098050000600,8.2,Expert
0045879992c0,040050030090010060007304800060000020000603000400000006050908070706000409000020000,8.5,Expert
0045a3ccaebb,070200001580003002000070300010007800000000000009600040001090000400100056200005030,7.8,Expert
0046067fa343,001000700095080630030000080003956800004801200000000000010000020009402300400060007,6.9,Expert
0046878e10df,054001000030270004200000710000060008076000430900030000097000005800059070000600280,7.2,Expert
0047035c099f,000600000080059160014200300070000601020000090306000070002006510058920040000005000,5.4,Expert
00473bf2cf0f,000000637200010000075008000060009405904050306503800090000100570000080003659000000,6.8,Expert
00479429f907,060030900007006002100700050080604700300090005006305020040007008700500600001040070,7.0,Expert
00488a75f232,470080096000000000002954300000000000901205604700349002300706009107000205000000000,8.3,Expert
004919dce8c4,301000900040000020600870100500304000002000300000206005007089006050000080006000701,5.6,Expert
00495c1985fe,000040200000300605500802070800007000020506090000400007090701003201003000006050000,7.0,Expert
0049d156c62a,509070068000009300000408000001000036390000021620000400000905000008700000270080609,8.5,Expert
004b1ffb8fb4,900000520016070000008003006060020000002306400000010090600200100000060240043000005,7.8,Expert
004b93adb130,100060009003700600060004050005902010300000006020608500050300080006007900400050002,8.5,Expert
004c8c1371e7,500800001000004000004612300035000608002000500608000190006125900000300000100008002,6.4,Expert
004cedd3374d,000506000000010000180473065000107000800060002300080004000000000690701083005948700,6.4,Expert
004d09728b6a,250008703008000000009067000000023001003000400600710000000980200000000800702300059,5.6,Expert
004d473c0607,000005030210009008005130042001000007030000010900000600150062300600800075040900000,8.3,Expert
004d58a6cfd4,200007108007090400860105070608000700070000090002000601020709064006010900309800007,6.7,Expert
004e25883b97,400900001030450090000021000003000085059000420740000300000570000070062050200009008,8.3,Expert
004e30a076c8,900200006003080000006905320008000102050070030204000600069508700000040200800003005,5.5,Expert
004e4e5ff1bb,070000050108509704090000060003080200800000003904603508009807400040050080500030007,8.8,Expert
004f2ecca847,970000024000090000340000071009000200020109060000070000207080406001704800060203090,8.0,Expert
004fc56d7662,290000035007509100501000908004010300000807000003090200400000009070000060010706050,7.4,Expert
0050cf84a7bb,604003089800600100010020006500000010008000600070000002900040030001005008750800201,7.1,Expert
0050fb9ac7d1,005900000010804700900000001500300400203000805001005007100000004002708060000009200,6.6,Expert
00516f563dc9,400008062500027800060500000380000100020000090005000073000003080006750009730900005,6.3,Expert
0051e3e01265,000061090506000103000000502300054000010326050000710006409000000103000709070290000,8.3,Expert
005360fcb2ab,026030190100060002800000003030407010000000000008309600060020040005000900970000081,6.8,Expert
0054cdce72c6,504020807700000003000703000008030900005090400000604000800302001020060050600080009,8.9,Expert
00553434ec9e,060000000000071006009602700027040500040103020008020910001208300300590000000000080,5.6,Expert
005850e937c7,300006000050009002900240003601002000020050010000100907500094008800500030000800009,6.8,Expert
005862d1ac6b,008090700040207080210000096000306000000050000300070008003148900701000605002000800,6.6,Expert
00588b5236fc,009530201001000000053010000200100030035040120090008004000090340000000600306057900,5.7,Expert
0059c7dc6a66,605900003000030700040260001000000108082000530501000000100059040004020000700003209,6.3,Expert
0059fc3018e5,000103000000469000400070001083000240500802009090000050020090010800604005006521800,7.4,Expert
005af65b3ac6,020509040100070008007000500200604001060000090300105006004000300900060004030201070,7.1,Expert
005afee28be1,000705800140283000000000002010000024420030087760000050500000000000572063004809000,6.9,Expert
005b26f50dbc,061000000240070000000609030036008000004702300000400680010206000000090027000000150,8.2,Expert
005c2b109002,400003009050607080000590000120000890003000100097000024000068000030905070900400005,7.2,Expert
005c2f6d1eeb,004302800600080004300000009000000000030564070040708060050000090200040003000871000,7.3,Expert
005d7d72f4c0,001083070600004300090000001980050000700108002000030087500000030003500009060370100,8.4,Expert
005ec197e697,000753020050000000003002001300600200097010630006007008500800100000000080030241000,6.3,Expert
00603efaf085,074018030800600000100009000000000064080701020230000000000500001000007008010860790,7.1,Expert
00616a8fca3e,850600000009230000000000305004900070010000090020006400408000000000053100000004039,7.4,Expert
00628aad9a04,050000400000060103463001900006907000090040070000203600004500798809010000005000040,6.7,Expert
0062ccbd3622,100300760075000000380500009001003004040000070800900100500009012000000490094002003,6.6,Expert
00630395eec9,009460080500000016000007000300280700020040090004036008000600000980000002010028400,7.2,Expert
00637cfeaeca,000901000008060100030000060050000010200000003607010509400070005000000000096050420,8.5,Expert
0063c0296f9f,000700408050000027070900030000004670500080001067200000020003010310000040605002000,6.7,Expert
0063f98bf193,604900038200047000000300006020000607060010090408000050100006000000270001730004805,6.9,Expert
0064f582a568,200840005000100009059200001007600040000090000030004100300002580900007000800063002,6.9,Expert
00651b2a8ed7,010000830004375100000009000800004200040000090007200005000900000001648700038000010,8.3,Expert
006585abf761,500801003020003050000052089107000034000000000380000507230180000070600010600305002,6.9,Expert
0067873cefb0,300000050040600070507038600009000001053000960600000800005890702030005080090000006,5.4,Expert
0067a4eb0478,040000000700004068896000004210068400000010000007340081600000295150200006000000070,7.2,Expert
006989678f8a,502000807090070010000812000000943000039000720080000040008429100000000000970000054,5.7,Expert
0069eb964f36,900040007000070000360000018026090830100000009000406000000000000704000205000857000,8.4,Expert
006cd1993ef4,090054020160008035000100000370000200200000001005000083000001000930200018010830050,7.7,Expert
006d1d618f1c,000000890000060003300000671020580360000901000074026080496000007800030000035000000,5.5,Expert
006d4b4c6eb6,003026090500000600000000204000063800900508003008790000102000000005000006060410300,7.3,Expert
006d53087cce,030000000106500700000300049400700010501000902070002008250003000007009604000000030,8.3,Expert
006da9639bde,030700100060090074407800300000070402020901050703020000006008209340050080002007040,7.2,Expert
00702247ae99,000010000060040201000009064090003500807090406004600090140300000905060020000050000,7.1,Expert
00707acecbab,502000109060000030008305700000406000070812060600000008410000083000000000300050001,7.0,Expert
00711324be54,000016900000305068600000000051020006007904100300060740000000009840609000002850000,6.9,Expert
0071f7c36e0f,059020000000080560680001200000300006040060020100008000004800057038090000000050480,7.3,Expert
0072047cc42e,040002000100009307050078000005000030001040200090000400000280090607300002000600010,5.6,Expert
00727e308199,502400003001060000003805492006030701020109040104020900438901200000040300200003104,7.1,Expert
0072c2ea53ed,000000000406708302000201000600080003080502060047060580390000047020000030005030800,7.7,Expert
007330822758,000170400000009017000048090090000008410000059600000030070980000120500000004027000,8.2,Expert
0073669aaf43,800000601065100080200004050009201070000050000080903200050300002010005790602000003,7.1,Expert
00768c4e30da,100060005036051070000300010050937400410506087007814050060005000090670540500090002,6.7,Expert
0077f55221ef,000604100017000020200070050500903001001000900300706002020060005040000230003208000,6.6,Expert
0079900106f2,000200906000007520001400780000700400060080050007002000012004600035100000908003000,6.6,Expert
007a5469bb75,310602089000090000600000003402000501180040062030205090000000000820509046000168000,6.4,Expert
007a77cf4454,002000100415000638700000004600050009080030070007901800000020000308070405000403000,6.4,Expert
007a8b9e89a9,050690308006000010200700000000060900072050860004080000000002007010000600907046080,6.6,Expert
007b08f12465,000087905000001040080540070000302800500010007003704000070025090040100000302490000,8.2,Expert
007b51ffe5f6,080700020600000040002601709004006038300508002820100400908407200010000004040002060,7.2,Expert
007b94834829,300400000007030040080005000400053001020010050800270003000500020030090800000001007,8.4,Expert
007bc23b83e1,053100060000007008400060000020500800609000703007003020000080005200700000090006140,6.6,Expert
007c45c1d92f,000000000020405010800090007900607003076000250001030700250010078060070040000000000,5.7,Expert
007cdd6b808e,308061009006000300040500076500080600600305004003010002190007060005000700800690105,6.7,Expert
007d179a8ab9,340801079800000005050070060003000600000000000970000054000905000004318500500704002,8.3,Expert
007ea955b164,000000893560000004080001605000003240200070008046900000407600010600000089852000000,5.4,Expert
007f5c0784b1,050060090004803500000715000305000201000309000400020003028000130009000600500000008,7.3,Expert
007f6c8cd78d,400100007050090010006050400000010008043805260700030000002060800090080070300001005,7.1,Expert
007fefcadbc9,700200006004705080000034000009000004375000821800000600000410000060502100400008007,6.4,Expert
00808f25ccbe,000051400001020090070006050240000305100000007507000084010500040090060800002310000,7.2,Expert
0081346e7e8a,926500004030002076000000003090040005000908000200010060400000000680400090700003148,7.2,Expert
0081cf9e92b5,004500700020800060060071400000000006006417200300000000007130090080006050003004100,5.2,Expert
0083a72b5a53,000067100070000000390800507600400000053080620000006009105003098000000010002790000,6.7,Expert
0083f7896c90,700809000002005093090030000461000800000000000003000561000040050840900300000207006,7.3,Expert
0085c3bd57b8,009004070000010405000205000006000023800902001920000800000407000408090000030500100,8.3,Expert
0086164774f7,050003070130400062002000100700060030000501000090080001005000300840006027060800010,6.3,Expert
0086ba4df188,000065200060030070072001030900000014000309000750000003010500390080070060005690000,7.4,Expert
0086c26ffa54,050102060000070000601050702002060800060809050900507004040000070005406300000080000,5.6,Expert
00871d875748,100400700050009010004030008000005107060000020901200000200060800030500040006004009,8.8,Expert
0087badcc382,008700300020960000401008900030000209000609000904000070002800601000015040003006800,7.4,Expert
0087e824b28e,006009400007368200200000000700090500040050030009040007000000008001536700004200600,7.3,Expert
008824041deb,000701000910000045300020001204105309000060000005000400080030020070249050020000090,6.6,Expert
00886a09a46f,003105900200000004080020050000000000008907100410060089000070000000602000051090260,7.9,Expert
0088f069b57e,000002007097080001030001960300060000000504000000010005083100070900030210200900000,7.7,Expert
00896165f36c,000060087800020050750800000080500009004000700100004060000008013060030004230050000,7.0,Expert
0089629febb4,020809010003020400010060050070501030004080200000000000300706005100000003040000090,8.5,Expert
008a0aa3da6b,000204000300869001000000000564000123002000800700040005800105009050000080000020000,8.3,Expert
008ab2a65fa5,005040060700000200094000008000837400800090006002164000500000930001000002030080600,7.4,Expert
008bf419671c,090000070820000904000640000160000085000706000940000026000098000706000092080000040,7.8,Expert
008c19697b86,005238600000000000100000008080040020600000007023000180000904000904000805302805901,6.8,Expert
008c2d4e861d,060200100001040003700903080005000308080060070409000200040106007500020800006007030,7.3,Expert
008ea6e24354,700000000082900003096000800900580106007060400605024008009000350200005640000000002,7.0,Expert
008ea8a6ecb6,004010350100070900850900001000000800280000063007000000700008049008050002025040700,7.2,Expert
008f1a15bf94,010009060008030000930502000500000700203000608004000001000603085000090300050800020,7.3,Expert
008fc776aec0,950700030007804002000000700820000006000102000600000057004000000700603400030007029,7.2,Expert
008fd3d4a926,300009002040076080001800600690000800030000010008000037003005400010630050500700008,6.4,Expert
009038f824da,037000002000304001900020060010005003003000100600100090040050009300806000200000640,6.9,Expert
00905202d245,640300002009002006000069010035000008006070500400000160060590000500600200300007045,7.8,Expert
0090d33f21af,405100008003005600160300000006000080509070203080000100000001059001800300900003402,7.0,Expert
0090e14f8ef4,708502009090000020002000407500107002000000000400806005804000200070000050200904108,7.2,Expert
0090fa90204d,009060800000010000500802006070000030000000000030407060300000002120703048005080100,6.9,Expert
0092fe0af4dc,003200100080001020200030005020309004004000300600407080400070009010800030008006700,5.4,Expert
00942a22f777,406001805050000030200000006800605000000020000000108003500000009030000010902800604,7.2,Expert
009573344ca7,700240500009050060053000070060800400070030090005004080010000920030010800008062007,7.2,Expert
0095f35e33aa,000002003004810090090000000045090010001000600060020740000000050050047100200100000,6.8,Expert
009616a77e5e,006401500300509001000030000205000703030040020670000058060907080000050000002304900,9.1,Expert
009731d07d6c,890000047006000500050020010000807000730060089020010070000050000500604002000981000,7.2,Expert
00985c80c049,000570300090030007000409006002000040400207008080000900300908000500010020001056000,8.2,Expert
0098cbc5897e,900200000008003027002040000001700003300902008800005600000020100730400200000009005,7.0,Expert
009903d3f68b,500000006000017000008450190007000080401000305030000700074035800000140000600000001,5.4,Expert
00991897928c,060000040800050009305000207001030900000786000020000030002401500000308000430000021,8.3,Expert
009a45fb648c,000004060873690024000800009007000030200000007040000500400002000790048213030100000,7.3,Expert
009acc711e4b,010957030000328000090000080000000000060201040005030100600040003020809070009000200,8.3,Expert
009ad4252e7d,058000930000060000430080025080070060005106200096000140060507080000000000070040050,6.8,Expert
009b3dd39203,240900001005074009000000080010020005030405060800010040020000000700340500400002078,5.6,Expert
009b4bfc57b9,040803090900000008008406100060020080204000307000000000400187005605000701000305000,5.6,Expert
009bb31bc36f,400070001070508030008000700003109400500204009000080000300701002042000610001000900,7.3,Expert
009bda07cfd9,340002008002000900008030270104009000500020009000600507039070600001000700700900031,5.4,Expert
009ca36149a4,000070000001308700005401800000000000602000309010080050050040020030000080006523400,8.9,Expert
009cece4605b,009401200200060001041000960003070100000000000000594000002307600106000702050602080,8.2,Expert
009d32a76d6f,070090000001008005008500670080060700900804006003010020016007500700300800000040010,7.0,Expert
009d727fcb10,040000090000050000806000407000080000005020700002165900007603500609070302000000000,5.0,Expert
009e3b0e319e,001080900060000080500000006300601007400207001010030090002070500670020018009000200,8.5,Expert
009ef9d1d54f,000010000400070003000385000048201760206000804070000020050000090900000008703050602,8.5,Expert
00a0a2a2951c,900500007040060090003009500005000001060000080200000700006700100090020060800003004,9.0,Expert
00a0d0d7ca12,006502700200908004000030000000481000008070300700000005060307090001000500080050070,8.2,Expert
00a1ae580665,070400960204000007600501040007000609000080000905000100090603004100000706068007090,7.1,Expert
00a1d4e0375b,072501460000000000100407009800000005067105940009020600008000300000908000040000070,5.5,Expert
00a380c1dec8,005003040100020300090060005500208000072000830000407002200040010003070006060100200,5.6,Expert
00a3c7ad46d4,000580060700001400048000100070010009900207001200090080003000570002700003060059000,6.4,Expert
00a3c97e70b8,000470900014030020900002040007000005350000084100000600080100009070090850002047000,6.8,Expert
00a4a7e07b8b,000806002900000400030000601060020008400709006300060070809000040001000007600407000,7.2,Expert
00a710f6c11b,500008006002009700760400003000023000010000090000960000100007068004800200300200001,7.2,Expert
00a7495f8d1d,800060009096000170000705000920000017000000000041208390080040050004503900000627000,5.6,Expert
00a7bf63341b,000047800800950260001000005010000900704060501003000070500000100079018006006590000,5.4,Expert
00a9e500035f,304600009020580004006000002007060030600000008090040600900000200400016050700008406,6.8,Expert
00a9e92a5e36,800065900004000070200409001000050009002903500600010000400607003030000200001530006,8.3,Expert
00aa295a1271,300050206290300000006040000000290067002030100480017000000020600000005074908070003,5.7,Expert
00aafc316ebd,050090016000000200014072000000000083026000750470000000000320940002000000980010020,6.3,Expert
00ab0375abcf,005070900060090020100000008400907002006000800002138600000000000200000004580604019,6.7,Expert
00ab8f49c5d1,003001008010900250040000079000400500000176000002005000780000090031009040600800300,7.1,Expert
00aba1920b49,040860000009002500620530000150000200090000050003000048000025073002100900000098010,9.0,Expert
00ac35f9af42,082400003907005000010027000000009062090000050260800000000170020000900704800006130,5.6,Expert
00ac7ac050fc,361080495000306000000000000050070080200090001009801300020000060035000170900000002,7.3,Expert
00acc96254f5,002010800400000005700509006084605170000000000209108304020000090000050000001207600,8.3,Expert
00acfc48cc52,007600050300590000600003010006007000034105790000200600010900007000012009040006500,6.4,Expert
00adab636034,712500609000710002500006004005000078040000090170000400900400007400098000201007943,7.4,Expert
00ae5b8f1c2c,001070000060000320029006107006582000100604002000713400903100260072000010000020700,7.8,Expert
00ae7443e9c2,080910000004000010065700203700800030000050000030007002609003820020000300000049050,6.9,Expert
00af00fe15ac,010500002000600004080027005000000061002090700190000000900780010400003000800001050,6.9,Expert
00afd652ce8b,000000004920000803000589000061040000800602007000070960000754000309000075100000000,6.7,Expert
00b1a666c731,000408000041000820000050000050000030020137040800000009900060005005903600002000400,9.0,Expert
00b2222bb346,600900007093000000005460032000700001006832400200004000470029800000000710300007009,7.0,Expert
00b31ecef4bd,500340082600001400040005000024000008300000009800000310000700020001500004760018005,7.1,Expert
00b374d8b09a,000000000750301029020604080200050004013000560008000900090000030000908000180507096,6.6,Expert
00b3df807642,106450082200000400040007005007501008800040009500908100400300060003000004690074203,5.6,Expert
00b4d8e31b81,090163050020000090001809400000000000608010503200706008080000010070205080500000009,7.0,Expert
00b5031d46a8,902070000030200000804000600410007000006102800000800017003000709000003080000040106,5.6,Expert
00b583d4111f,080003070306008000700900800900041000004000100000870002003005009000200501070100060,8.3,Expert
00b5e2b52b4a,100020009600000008300508001008403700000000000000080000070090020030607090940000017,7.1,Expert
00b6d814dbbe,000304000380501094000070000000000000903040705060000030040806070600957008050010060,6.6,Expert
00b734593fb0,020900000009003050007046002084000001700050003600000290900160700070200400000009030,8.4,Expert
00b885f0130b,000004097006000504540007820050300702000605000708002050085400071407000200320700000,7.9,Expert
00b9bce912c0,030000000080960053006020800000501030067000520040206000008090300620017040000000070,7.2,Expert
00b9e48bde52,004000800069000450083000270040576010000020000010408020007050600400000007600307005,8.3,Expert
00ba7b1fcdf9,500090003200541009000602000070050060005109800000000000800010002000803000700406005,7.0,Expert
00bb7e460b4a,016020850090307060000105000059000610103000402000000000500000001004706300030000080,6.6,Expert
00bba04a9b08,000200708000070050900001030000007200160805047002100000090700001080040000506003000,6.3,Expert
00bc1611cfb2,200700854600580000100090000000000072028000160970000000000050001000038006863007005,5.7,Expert
00bc34f0fa0d,600507002000040000207000104060108040000000000031000580003000400700090003109302608,6.7,Expert
00bc6830d578,000005040810600050003210800700000930002050100031000008008092600020003085060100000,6.7,Expert
00bc82a6cc59,300009082750803060000026000821000030007000200030000916000670000070302095240500001,5.5,Expert
00bcd6dbe0ee,507000006040165000620000000000501064010000050250803000000000045000758030100000709,6.7,Expert
00bcf15419d1,500000009760000052004000300080010060000709000600000001050000080400502007030070010,8.4,Expert
00bd63d6b4e5,105000200020300000009008004040100560500080001031004090200600800000007020006000409,8.3,Expert
00bd7d865046,500270019609008700070000030080000003300020001100000070040000060001900304960054007,8.4,Expert
00be4fd363da,090506043020000150000008006005300000000905000000001700600800000053000090270409060,6.7,Expert
00be78235f80,090010042070000600400006870004000130900050006023000700059600004002000060630020050,8.2,Expert
00bf1822e0e1,890010006050000040206007500607080000000605000000070109009100603060000020500090014,6.7,Expert
00bf2d454af3,020800005754000068000001000007024080002000900010370600000700000970000813600008020,6.3,Expert
00c04a916ec9,480900072109000608070000010000507006000020000600401000040000030903000504850009061,5.4,Expert
00c0a8dbb302,001406700040000020007000900000030000290000075004852600300704006005000100060000080,7.2,Expert
00c0d3161e68,516000030090030006070009000004900210000000000083001500000700020800090070050000981,6.4,Expert
00c100b04827,300905008080010060020608030000000000001000700204763501000050000509000602000209000,8.2,Expert
00c26a02909d,000040000009706100010090060100000004060000020283000657000108000608050309000020000,7.1,Expert
00c374d8f9ae,402907605060040090030000020083000950000000000000638000000804000005000200098506340,8.4,Expert
00c38e034821,004020730230500040600000005000302010300040002040607000900000007020004091016030500,5.5,Expert
00c3ad79aeb4,401007009000029800090300001710000500030040070006000082100008090009570000300400608,6.3,Expert
00c464febc16,000900010100080700047001800008040001060308040400060500005100420001020009090003000,8.2,Expert
00c4b0f51e84,000053900430000000007000100500804010200509004010307006005000800000000053006930000,7.2,Expert
00c51de63df9,300070004001204800040300010010000470700000005056000080090001030003706500400030007,8.3,Expert
00c640e02d29,800007100000290000060000027408502000270060084000108702380000060000024000002600005,6.8,Expert
00c6ef121b3a,004007803301000700790030000500003000007405200000100004000080047002000608408300100,6.9,Expert
00c8390bfd65,060000080900000002007000400080461090500000003001090200050608030004905800000274000,6.7,Expert
00c88d62c485,008010000300000070700280400030006000900805002000900040001043006040000008000090700,7.2,Expert
00c8d01f536f,000070600980000050000003802300080510056000240019050007208100000030000025005060000,9.0,Expert
00c8fa7d6163,000100090700950002030024700500000000042030560000000004009260030300089006080007000,8.3,Expert
00c975088001,002030600007205100530608042700060005000809000010000060005020300300000001000396000,8.3,Expert
00c98ec876cd,007809500500000008080070090001604700902103806005000900000701000050040060000060000,7.8,Expert
00c990fe37fe,710060030000000020003000701400605000070324010000108006908000300060000000020040068,7.0,Expert
00ca8e0300f9,009030800000000000005807300300906002010000060920405031007000100000050000080201050,8.4,Expert
00ca9a227c8a,005201804000450010040000200050000009200090007900000080008000090010065000604903700,7.0,Expert
00cabc567bb5,000002800400001023020090070003005200070000030008200900060070090390500001001300000,8.9,Expert
00cacd4f9e63,000000061003000570659000300004602090060090020030408700006000215085000900420000000,6.6,Expert
00cb04761f58,420105067700000002008000300590030048061000230000000000005642800000000000300809001,5.4,Expert
00cbfc2d9c2e,600010003090500080007003600003406020900000007020905800002100900060002010800050002,5.5,Expert
00ccbe5cfa2d,000070400090500620213400500000000170700000008089000000002003945034006010008020000,5.6,Expert
00ce735f2c5e,540096008008500009000800020200000960900000007086000003010009000800002400300180095,8.3,Expert
00cef1d5283c,001030400040806050900004008098000070600000005070000820400200007010709040007050900,8.4,Expert
00cf33144db0,010000003409310000200000190060008000005070600000100070057000002000082407100000030,6.7,Expert
00cf77744dd9,500010000008000605029500010003086000000907000000130800080004120904000300000060007,8.3,Expert
00cfae4d7247,900000001000208000210000036064709280090000010000000000000040000002501900540090072,5.7,Expert
00cfcf2ab539,060010000005000003300090870006002004034000250500400700097060002600000100000080090,8.9,Expert
00cfe7ab7518,016402530703000802000030000060020090290000085800501004100000009000040000000859000,6.9,Expert
00d020bce9f0,200059008000802600080100050490000107000000000807000094030006080006901000100730006,6.2,Expert
00d0a74ee6c2,300207009000861000008030600000406000209000305400050006002305900000010000080000070,6.3,Expert
00d163bc5e7e,000001602008200000500039400056000021000060000890000370003420009000006100607100000,5.4,Expert
00d1f5274a73,001034025005000007006000130000082009000406000900510000062000500300000900540820700,6.8,Expert
00d2b6307124,089070000600000030004096020001300005070000090500002100040680500090000004000020970,6.3,Expert
00d434ab4a22,030004010700600000000070209500000826000030000196000003609050000000007004020100050,7.0,Expert
00d436be69b4,016000930700000008000312000023806170050409080000020000008000700040000060075080420,6.3,Expert
00d448adf682,001000600203000705070060020000902000300080002008104900002010800005020400900000007,8.8,Expert
00d4a976a99f,000015046400070500000400000340700050071000320090002074000009000009020001830140000,6.6,Expert
00d4ca3d0f36,960708000780000090100090008000600012040010070510007000400020009090000056000309027,6.4,Expert
00d5b8fa73a8,050000040200000008040090070002715300003020900000080000600070005000102000001509400,7.1,Expert
00d5e4fb2bea,000000482704850906800000050500001007000000000900700004090000005207094308168000000,7.4,Expert
00d5fdd3baed,070600900000000070030010504080760009700040006200091080506030090040000000001008040,7.2,Expert
00d6c5775253,006000400710400850900800000240709000008000900000506024000008009029005081001000700,5.6,Expert
00d6e29f2dac,006040050700006200030280006050000100304000708008000020400073060003500002090060800,5.4,Expert
00d75886c0b2,030070900700060003408000007000100850000905000085006000200000105300050002007020030,6.3,Expert
00d827db0e48,090040000002007005400035008760500000200080003000004016800160007100300500000050020,8.3,Expert
00da6c8f949b,003000800400090005000201000300000002048000650007040900004608500070020010900050008,8.5,Expert
00db16c71980,010305090070080030005070100007000300001000200500904006090862070000090000050000010,6.3,Expert
00db39525203,052070690000000000800506004007060800600294005000000000901000408006401900700000003,6.9,Expert
00dbf2189d56,007830090300007000000009002053060001900103008800090630500900000000500007060024500,6.4,Expert
00dc70d10c93,007009000060010270030600009600000100050080090008000007800005030075040020000200600,5.5,Expert
00dc8fe1ccdb,108000405307080206000000000000302000009000300280010047800906004010070050090000020,6.8,Expert
00dcc65435cc,000085400000610000708002300906000040120000056050000103002700608000026000005190000,7.1,Expert
00ddb4b81ec8,000403900080010070401000500700501009090070040300904002005000204040050080003806000,6.4,Expert
00ddcd8c3d7a,000807000500106007007090300003060900075000840009401600030000060000903000050080010,6.9,Expert
00dee52b8bd2,005000600012000380060030090090658020006000900801000703000921000100080005000503000,5.7,Expert
00dee9aa7fc4,010002800400000070008030050006070004027000680800060500080040300050000009009500060,7.2,Expert
00dffc7b86eb,000706090070000002000013740500609004004000600300401007056390000400000060090208000,6.3,Expert
00e047c03335,000300000810004000600050074209000043007090500350000209940070006000400057000006000,8.5,Expert
00e0df54b628,800106002000070000004903100700000009050000040308000701010060090073080620000409000,7.0,Expert
00e0fdf07af2,000006000050870090007250800500000180063000940021000007005021700010093050000500000,7.3,Expert
00e173211d4b,650000020008107036020000000000700809000030000906008000000000010310504900070000064,5.6,Expert
00e1c74e1147,000004070280061950010230000690000700045000390002000085000072060027410039060900000,5.5,Expert
00e22ea0ea79,002000600090407030003020800400603007001000200030080050007050900000906000050030040,5.5,Expert
00e2a20c8a29,000090002009045800700200000003900008090301050500007600000002009004530100200070000,6.4,Expert
00e2f17c02fb,700400009008000200000053000480930600005000400006074015000310000009000300500006004,7.3,Expert
00e33a76a873,050306020400901003000000000000000000600873002090060080060030040007000500014080360,5.4,Expert
00e3bb97c345,702009804000000100360800002500408300000050000007203001100005083006000000208700409,5.4,Expert
00e45f60847c,019500030073480500000000070008006050100000007050900300030000000001093840040005920,7.1,Expert
00e494a72be7,030089005002003000500040000000005690450000071076100000000060003000300200700890050,7.2,Expert
00e4cb25ae6a,010080030005000100000501000020368050034000280900204007000040000072000690800090004,8.8,Expert
00e55eb190f9,005403100080106020100000003020000010850902074790040032000801000000070000010305040,6.6,Expert
00e5906b5502,005030700010207060700000009000000000080040010200609005103000908500000006097050320,6.7,Expert
00e71ed5404e,097030001003002600860900000075001000000000000000800240000009052001500900400060130,5.6,Expert
00e7bddb1608,000060047008050130500100000060000004002030700100000090000004001045080200380070000,7.3,Expert
00e8df7b5199,500001043001070020000200000000008530005010200067500000000009000050020800470600001,7.4,Expert
00e968b93707,000710006000083904300000200715040003000000000600070192001000007406120000200068000,6.6,Expert
00ea83b6439c,040590200020001035800000000080010003600302004300040090000000002260700050005028070,7.2,Expert
00eb4303aa8e,700090000300002807006700092930000000080206030000000084650009700108500009000020005,7.2,Expert
00eb878bb22b,030050400800090001002006500013000000000465000000000750006200800200030009001080040,9.0,Expert
00eba0a224e4,000930000760002004000400510007000650400060008029000400071004000500100089000095000,8.4,Expert
00ec5528f3e3,059030870760000045000605000000801000004723500000090000000908000900000001601000402,7.3,Expert
00ece798c059,800010007020000040000503000030107080009602300600050001005030800001405900000000000,8.3,Expert
00eea33c68c0,508000000910002006000000250009050000250703049000040700045000000300900072000000403,5.2,Expert
00eea875748c,000000000070060020000174000300705006040030050005201800960000085030050070002000900,8.5,Expert
00f1ded4a712,200600007037000460010300090000907508000060000902503000070002080029000670800006009,6.3,Expert
00f287af20d4,000080000020405070006000400700203004030809050005000300003000200501040907900060001,5.6,Expert
00f3a502d051,000010000800507004430906017003000700600070008020851090050060020200000003040000060,6.7,Expert
00f3b2b0ab62,800006204052000080400900070700060500000209000001070002070001009080000460906400008,6.8,Expert
00f4129c867e,000489000700000005090000020007030900300000002060020030930000054052000860004060300,6.4,Expert
00f464219ca9,000000000530209076000706000700000004040502080150030069460895032800020005000000000,7.3,Expert
00f4e6296b06,007030100800000005900402003160000058009507600040000020000020000300605009000703000,5.5,Expert
00f51d98c1ed,900700084100800900080005000004908071000000000710506800000600020002003007350007008,7.1,Expert
00f55dd1b5b9,070480000400700000002000704908300040020070060010008903203000500000009008000045030,5.9,Expert
00f57867ebc3,001000700003000400090802030307000901000060000500080003030596070000108000002403600,6.6,Expert
00f5e698a96c,050000400090500062600087000004070090007429800060010200000190005830004020005000040,6.6,Expert
00f6b8898b81,000804000820000053400000009090070010700010002001000500060501040009602100040000020,6.3,Expert
00f6c6b89c53,000700500300001090098060030100900000030504080000006005050090420080600003004005000,6.3,Expert
00f7102c1b09,805400000000005307060007000000000035106020904930000000000800040201500000000009601,6.4,Expert
00f76ea461a6,600000008070000040320809016007080400090020050000701000080305060410000095000090000,8.4,Expert
00f7c3eedfaa,004000200080000010200000003007135800400706001000090000870060059050010060600070002,8.3,Expert
00f86a9df53e,000163000080509060007080300410000039030000010008000700906000504020050070003000100,5.4,Expert
00f8c54b446a,010600000602015090750000300065004081000000000840200760006000079090480605000006040,7.2,Expert
00f8e38e1142,030612070000804000000050000010905020006070100000000000304060701500708004200000003,5.0,Expert
00fa488a21da,059000630610000029800060004900305006000709000000040000000020000560000072004806300,7.2,Expert
00fa6c72fffa,100480005000010000005002300002070004890306051500020800004600100000030000300054009,6.7,Expert
00fa90c4b689,018090570907000803500703009001030600000502000080000010000000000079000450106000908,7.3,Expert
00fa955b4b02,000040000650201047000709000900000008000060000020104090005000800810305026700806001,7.2,Expert
00fa9d7acd2f,005800040900046000000075009031608005086000490200401360800510000000280007010003500,6.4,Expert
00fb2c9234ea,005201800090006010100300007840000502000000000501000093700005008050100020009408100,8.2,Expert
00fcf17cc393,020409070000000000008070100400050002710000036000000000809000604001020700000304000,5.5,Expert
00fcf6f8eeb0,001002000008710000276940000304000500090105040002000709000097851000058400000400600,7.2,Expert
00fcfea6b088,000000000008107500300060004005000700900204001100309008009805300850040062000000000,8.4,Expert
00fd914fb1f5,000007100049080026000000003130002405900105008208400017400000000590020830001700000,5.5,Expert
00fe642f52a4,001000500000010000080903010208000103070000060300060008010236050090070040002409600,5.6,Expert
00febd26394a,100480003000200900040093000006000032902000708580000400000340070005006000700029001,7.8,Expert
00fed778ae65,090003010503070006000504090201000900050000070009000205030807000900020304060400050,7.1,Expert
01004badb5b5,000050000500600000006901080790080201320000098801090075010305600000006002000010000,6.6,Expert
01007f9cdbfe,000000000784000692006080100950000013000903000060000080520804076800070005000020000,7.3,Expert
0101fdc442da,050000600007080004802500930000802500010000060009104000048003205900010300003000010,7.2,Expert
01020491a055,064000300010003675370000008040582000000401000000967030400000083137800090008000750,6.4,Expert
0102b86b2f89,001700580700005021000210000096000004007080600300000290000073000670100008049008700,7.0,Expert
0102c113fdca,000090000050604090700030005070908050900201008002000900690000017003000200000060000,7.8,Expert
0105b88d3882,005070000674009000000205090007004801040000030501800700010602000000900275000040600,8.3,Expert
010732bb8c42,000000000080509030007000500005702100000306000023040650100873009900000004060000010,7.2,Expert
0107fc31e97a,400305001007010600080060070000609000008427300600000005800000004120000087000080000,7.2,Expert
010a7b7d9aa5,200000007301009000005108000900200010080597020050001008000802500000900402800000009,8.0,Expert
010bb25bafb4,057601340000000000100907002000000000900010006020405070064090130000040000790000084,6.7,Expert
010beb8f8348,030000090905000301800030004709000508000865000500040003100403006000000000054701230,6.8,Expert
010c85d0f1ae,700009053590000010004500900800463700000702000002985004008004200030000045460200009,7.3,Expert
010ea4397a47,380000002020006000001004003690000300240901075008000096900200700000700030400000029,5.4,Expert
010f98aa40d4,900010025103000000500378006000860047000105000630047000700486002000000709320050004,6.4,Expert
01120cb59b89,008400060500903800010000003020090054000732000890040010900000030001207009080009700,6.4,Expert
0112a51bba01,008003090000000865019008000004020100600304002002050900000800450136000000040200600,7.2,Expert
0112ab906c3f,048532190000000000009000400006901300090000020700000005060195080004203500050040030,8.5,Expert
0112d039193e,000301000600000007010080090570020063080506010009000400006703900090468070040000030,7.2,Expert
0112e4cd0a83,300000500004000316051400709000047005000163000100520000805002940423000800007000002,7.0,Expert
0113add27030,300056007000200300056010400500000080702000903060000001008070130007004000100360009,5.5,Expert
0113e37a3089,400000073802007000001000650090703000000060000000104080015000400000500906630000005,7.2,Expert
011415179be7,740005000010700430050010709004003008080109040300800100406050080031008070000400061,6.7,Expert
011430c936c3,006300000000720600020009005007806023080000050360502100800400010004087000000003800,7.2,Expert
0115a52d37f2,200005004060004080008020100130208000002000300000301029009010400070400060600900005,7.4,Expert
0116adafc496,800200100200040000710008000050900700600507004003002050000800045000020008004009006,6.9,Expert
0116dd23f505,008090600000501000010080030305000702076000390900000008030607050000000000080040020,7.2,Expert
01192b4e6870,200060908007400000801023540002000080608050104070000600086310409000009800109040003,7.2,Expert
011963f9f759,020001007000000950007360000203900780008102500049007301000023400082000000400800070,6.7,Expert
01197d3a65b1,020000040609000703450000028300108009200607004000502000000000000042080690006274800,6.4,Expert
011a8356ae4b,000005900020800050004790000079008020100302008080900560000034200060009010001500000,5.4,Expert
011bf5f680bc,300000006094010520800000004030709040005060100000104000780903051013000970000000000,7.4,Expert
011c7ce29576,000100530600003000100520000050030809002809700901050040000095004000200003017006000,6.6,Expert
011ca503952e,000000607900200010060401908030069000700000003000710040502107080070004002308000000,6.8,Expert
011ca680a107,000605000000941000000030000100000007600020004090060010020050030034802960009000200,6.6,Expert
011cea75f079,900600005020008340050000000090020001000306000600080020000000080068200050700001002,7.9,Expert
011e74ed46b7,150007000076400000004005090002008107000709000307100600060900400000004260000500031,6.7,Expert
011e881d101c,300000007000400100054207600001549370000708000076132900007604230003005000600000009,7.2,Expert
011f8d7c5b3d,800003000030060028059008030007600000520000079000009200090500860760010050000800002,7.1,Expert
011fc17be222,005000600960030012004000300020408030040593020008060500000907000100020007000106000,6.8,Expert
011fd9923aa5,006900702050000900708002000500008300000010000002300004000400107005000090809007500,8.3,Expert
0120d63420f0,940310002302509000001000030000090700000745000006030000010000300000103805500082014,8.8,Expert
0120eaf82a6b,300000002190000047000105000000601000000753000600020003007509400053000810900804005,6.8,Expert
0121e897f52e,000000000160702054002401300059806140008905600310000095000000000600508007020070060,6.4,Expert
01223c0bb93e,820760500600000001009034070000390000006000200000016000060940100400000005001027043,6.9,Expert
01225d0b9546,080700001000069850000005002070090003302000109900050070100400000048970000700003020,6.7,Expert
012283db2887,870506023060218040000000000030401060900000001018000350100000004000704000003020600,8.8,Expert
0122ad50b525,950200034740005068000700000090000506000000000107000020000006000430900012670002093,6.4,Expert
01236016f406,000600518001500007000430000007000006000709000400000200000046000500008900826003000,7.1,Expert
012626bcacee,008600010200001900040508003031000406000000000604000890400706080006200007050009300,6.9,Expert
01269891b69b,052008600400605070000090000600000920029000450043000006000060000030807001008400290,5.5,Expert
012736c29397,490000018000020000000409000005000900900805002108000603209000701000302000080060090,6.6,Expert
0128888b14b7,000000080900046700062050000100905002007000900500408007000090470009360001010000000,8.3,Expert
012984ed3b47,018020030200700006000001007005802070800000003090407800300900000400008002080010460,6.4,Expert
012994cc8546,170000002000100050009008170605030098040000010320010605051600900080002000700000026,6.8,Expert
0129b5047791,069040050400562007000000004090204080280000073070305020300000000900123008020090130,6.6,Expert
012ab63cdcc1,002000000080070009009300710000420030500000006060035000037001900600080040000000200,8.2,Expert
012b6373417c,000940217007800000050170008608000000070000030000000105700083040000009600246017000,5.7,Expert
012befa30d11,010960000076100040000007006032000704700030008504000620100700000080002470000059080,6.3,Expert
012bf2d95cd9,000010000005607200700000006000080000003506100900040007060000010002304900090128030,8.4,Expert
012c89705707,010703050082050310004000700600504003500000001001060900060000080009102500000090000,7.2,Expert
012cc692398b,007090304056080000009073020010000000000527000000000090060710800000060740208050100,6.9,Expert
012cdb0c1849,189000003030001047006000109050080000000417000000020030305000800710500090200000375,7.0,Expert
012d0b3ed81f,000700000030005068001800509007006043000000000980300100802007400140600050000004000,5.4,Expert
012dc76660aa,000000000600020009085901430509000604061000380000000000300892005000000000008736200,5.6,Expert
012e5c2712a2,060000020000010063502003001000300050014080370030006000100900706250040000040000010,5.4,Expert
012e7292dbab,000803000040000090702904805900070006013000570200000008000080000609000701005706200,8.5,Expert
012e94a3a9f9,080304000045020370002000000700090500010040020004080001000000700079030410000806050,5.7,Expert
012ed957856d,000705000000000000070619030306000908000203000010000020090000010107050604400108005,5.0,Expert
01300a44b006,090602080000903000030080040018000960009106800000000000004000300300579004025000190,7.1,Expert
013029c89049,002100000410950000000003004005002086204000703380700200800500000000084069000006300,6.7,Expert
0130749e2dc2,000809000900060005060020090043000710000106000500080009004000900309000507720050081,7.9,Expert
01307a6907b7,006090500098000260000302000000106000604020305002000700080000050000604000009538400,6.3,Expert
01308e141ea8,300000000047300000020945070000100047008506200510004000060459080000008910000000006,6.6,Expert
01313236dcbf,000000260107006003000080400300200090070000020090001006004070000900400801023000000,8.9,Expert
013227c6b622,602000730001070902007000005000005040063040250020600000900000300305010600016000504,5.8,Expert
01356e2f0f89,003005200092060050500300048200000400070090030008000005150004003080070510004100800,7.8,Expert
013587129115,000308070300510000004020500200000098091000750570000002003060100000051007050804000,6.8,Expert
01367a7605d1,900200701001070900000019050500000200026090570004000008030460000007020300409003007,8.9,Expert
013697f9e285,200908013100020000000604000507000402020000080803000605000207000000090008390801006,7.2,Expert
0136f03df41c,003700040000090070490800005008000090300967008050000400600004039020030000030008700,7.1,Expert
01373191e4e0,100000700000000090907004003030650200200401007004027030800200504060000000005000008,8.4,Expert
0137713d63eb,006018000001200640097000080030000106000501000405000070050000860073004900000780400,5.5,Expert
01383881cb55,300000009008000200000798000000000000030209070500843002000104000200907006170080034,7.2,Expert
0138888bb86f,080020000040800367010403000003000150200000006096000200000307010764001030000060070,7.1,Expert
0138be434d0b,070016000060007045003009100214000000600000002000000914005300400840900050000560090,6.8,Expert
013befe402ac,000837000400000003090504010000000000089060520007402800700080002001000300060040090,8.4,Expert
013c31071d91,006839200000020000020406030000000000070201090203060107007000900390010065005000800,5.0,Expert
013c37d6fc51,300000004000000000067000810005203900020060070900000006000402000800609001009080700,8.3,Expert
013c7a117c35,630700000500004000007680300490005100000000000006900087005047800000800001000003064,7.8,Expert
013d752cfbd2,700305009500000004000906000040000020070104050016000340000807000050000080004030100,8.3,Expert
013d80562698,000916050240800000016000000035090001001000400600080930000000160000001043070639000,5.6,Expert
013da84cef3a,980000400050037002002000006000004108000050000207300000300000500400820090006000087,7.1,Expert
013df64df1ce,008400500050080070430020018070043000001000900000190020560010084010030060004007100,5.5,Expert
013e0649a8c2,009002040052800300010030050008090600600000004005060100070080060003001720090300400,7.3,Expert
013ebbf3c0ee,001604000802000003500020070000002016009070300280300000050040007600000809000506400,6.3,Expert
013fb3482aee,300002007040005080005130900930000200002000800007000049003046700050900030600200008,6.3,Expert
013fc0625093,000000000040801070803209504610504093002090600000683000000000000096702830700060002,6.7,Expert
01401fdbe0f0,000000200014087030200406010023000600070000090009000370040801005080950140002000000,5.6,Expert
014070e015d4,300290008002800957008700004600000000030010040000000003700009400815006300900073005,6.7,Expert
01408ed9bd7c,015007900000150002300008004506000070090000050070000803600400007700083000003900140,6.7,Expert
0140ede6efbb,020703050701060209000000000200806001090000020007000900042000590000605000080409070,6.7,Expert
014129238b5a,800402006000600200090070000900000067005000400240000003000050080003001000500903004,8.5,Expert
014211935314,090800000000036009007902100023000507070080010604000980005108200200360000000009050,6.3,Expert
01421df747be,007600009030000750000700104300001600080309070002500008803007000094000060700006200,5.4,Expert
0142379246be,002000090500100306400200180000510000020070060000062000076005002204001003080000500,7.2,Expert
014267a0f32e,000609451001700800008001006000800930000000000064007000100400200002008100946103000,7.0,Expert
0142757c59b5,002070000100002000708500001050300002009010600200007010800004306000800004000090100,9.0,Expert
0142980b13fe,400500008038009610070000090040807003000010000300402050050000080064900720700004009,6.9,Expert
0142ffce75e0,040907000120000074560001000000005032004030800230600000000800045890000013000106080,6.7,Expert
0143b50ce0c7,000104000400705003005609100300000009060000020050000030020403010901000305070060040,7.2,Expert
0143b6497af6,081902670000000000700080001000010000002030700004608500405000107020040030010000060,9.0,Expert
01445787b248,810400009050700041009080600000000035004000900570000000001090200360002090900004067,5.4,Expert
0144d91230d8,075009010000810020800005000006000470180000095037000200000500006010098000050600140,8.3,Expert
014594d28ee2,450000700000000016700080900000400800005679400004005000007030004340000000006000071,7.4,Expert
01460f1aa02c,002030600000100300870002009008060030400703002030090500700500083005006000009020700,6.8,Expert
0146f487b316,003600090090000800806030005000005200520040036004200000300070509009000010070004300,8.4,Expert
0147b05e8f9f,670000045050384070008000300200000003800090001000102000007000600004060500000205000,5.5,Expert
0147b13b3bf8,003000010100008700020190004030705400001000800009602050700049030004300007090000600,5.6,Expert
0147df6780e5,300000002960000017008050600700902004500040006010000090000000000806090301000823000,8.3,Expert
0148741be69b,902008063103000000000300091300020900000803000008060002540007000000000704890500106,7.2,Expert
0148dde79b36,301040080920800000000003070035010000000000000000080260050400000000007046010020903,8.4,Expert
0149544b94bf,000003600001700200809600070200090000004000500000020004040001308006008100005400000,6.2,Expert
0149e6a3f025,106000208080215090000408000000706000400090006007000900800309002269080435000050000,8.4,Expert
014a444051f6,250010046800005002000900000040030600600501004008060010000002000400300007320070065,8.4,Expert
014ce9de297d,007010009000472000305000000600100500901506802002008006000000105000254000200060400,7.1,Expert
014d19c2c05a,008009010100305000000810003810000290006000400074000058200073000000204009060900500,5.5,Expert
014e447cf082,009800460840070020600400008000060104030204050405010000500003002090050076087009500,6.9,Expert
014e5f517380,500900002060000053010300900800749000004060700000518004001004090640000020900005006,5.6,Expert
014f190e4513,000006200080410506004000030060080002001000300500020060070000100902053070006700000,7.8,Expert
014fb7caba60,690000028000786000050000060100020006000405000025000340940608035070050090000040000,7.4,Expert
01500873f568,095000001031008000700009600000600040016903570080007000009800003000700160100000980,7.3,Expert
01500e525ed4,001700090408100000002000185000507032000000000720406000654000900000002306080004700,6.8,Expert
0150c3201e18,003010000010007860240080010090502600600000001002104050020090086078200030000040100,7.0,Expert
0151736006bd,600100900410003005000040010000060573000000000578090000020080000700400062004005007,6.3,Expert
01531d06d9e5,670005000050000200300720000006003904500000001907400600000014009005000010000500027,8.3,Expert
01534c447bda,500602001060807030008000200007000400010000080800491007005000600080000020602030105,6.9,Expert
0153d7fa9f79,100700402004050000600200080000020901020506040903040000040009006000080700509002004,7.2,Expert
0154370fad0e,300000007001608500000000000040203090000080000000461000020090040980030072700806001,6.4,Expert
015473571dd5,090270600020000850000000007356700002000060000800001546100000000034000060002096070,6.9,Expert
0154db136f05,008060400005010200600000001082000540000608000003000800700901004020304090300000002,6.6,Expert
0154e8a52070,020040600040001057500600000050090700100305004008070010000002009830700040002050070,8.4,Expert
015505b02032,009004600060780000000600005500009004010000030700300006400008000000037020005100300,8.3,Expert
01552c8d51a2,100623008000040000000801000301000506400080002098000340006000800003704900050000010,8.3,Expert
01554f4cb380,020000080900000005004508200200000004800391002006020900500407003000209000008050400,7.9,Expert
015619be8d1f,180000039000715000005000700500000007804209305020000090008173400003604900000090000,5.5,Expert
0157a77bac92,000019836000000500000050024905008300000501000008700902750030000009000000483120000,7.2,Expert
015858a1e11a,020030800008059006600100030090000200260040098004000060080003002500270300002060050,5.4,Expert
0158a93aa8d2,030602010064050820100040007000000000006518400200000003510000048600000005082000790,7.1,Expert
015902739f5f,100060009000203000000704000401080907000000000290000081602000104800602003003501800,6.4,Expert
01595183572e,050000630600093004900008000026030000090675020000040960000100006500720001089000040,5.5,Expert
015a45a730cf,900000004400107005000429000050000090060815070000702000000070000003000600210030057,5.7,Expert
015a8a4de4cc,390800005008350007000004080005000034070000020130000500080100000700042800900008072,8.9,Expert
015a8c5143ad,006070200000905000019000850002451300000207000500030002200000003000784000068000710,7.3,Expert
015be15f78d5,090050080408000205300208007000901000900020001010070030750000019049000350100090004,7.3,Expert
015bf60c8e16,205300000000010000090080204130004050006907100070100049503070010000090000000001406,6.4,Expert
015c13d391c8,070043090000000401200500007607020500000000000002030609500007008401000000080910040,8.3,Expert
015d19a17962,900004015001009700040010090050080006000030000400020050060070020004600500580300001,8.4,Expert
015d94b27d91,800060009590000072000207000030475060005000200060000040200000003000309000019000820,6.7,Expert
015de9339b33,009005070300700200050020001100070090008942500090030006900050030006003009040100600,7.9,Expert
015df9320c4b,040052600000600007602000040007040009006509700500010300070000801100003000008720030,8.3,Expert
